youtuber,subscribers,category,title,uploads,country,abbreviation,channel_type,video_views_rank,country_rank,channel_type_rank,video_views_for_the_last_30_days,lowest_monthly_earnings,highest_monthly_earnings,lowest_yearly_earnings,highest_yearly_earnings,subscribers_for_last_30_days,created_year,created_month,created_date,gross tertiary education enrollment (%),population,unemployment rate,urban_population,latitude,longitude,total_number_of_videos,views
t-series,245000000,music,t-series,20082,india,in,music,1.0,1.0,1.0,2258000000.0,564600.0,9000000.0,6800000.0,108400000.0,2000000.0,2006.0,mar,13.0,28.1,1366417754.0,5.36,471031528.0,20.593684,78.96288,21.12k,257.16b
mrbeast,166000000,entertainment,mrbeast,741,united states,us,entertainment,48.0,1.0,1.0,1348000000.0,337000.0,5400000.0,4000000.0,64700000.0,8000000.0,2012.0,feb,20.0,88.2,328239523.0,14.7,270663028.0,37.09024,-95.712891,799,50.98b
cocomelon - nursery rhymes,162000000,education,cocomelon - nursery rhymes,966,united states,us,education,2.0,2.0,1.0,1975000000.0,493800.0,7900000.0,5900000.0,94800000.0,1000000.0,2006.0,sep,1.0,88.2,328239523.0,14.7,270663028.0,37.09024,-95.712891,1.18k,182.88b
set india,159000000,shows,set india,116536,india,in,entertainment,3.0,2.0,2.0,1824000000.0,455900.0,7300000.0,5500000.0,87500000.0,1000000.0,2006.0,sep,20.0,28.1,1366417754.0,5.36,471031528.0,20.593684,78.96288,138.97k,164.71b
vlad and niki,98900000,entertainment,vlad and niki,574,united states,us,entertainment,8.0,5.0,6.0,580574000.0,145100.0,2300000.0,1700000.0,27900000.0,600000.0,2018.0,apr,23.0,88.2,328239523.0,14.7,270663028.0,37.09024,-95.712891,721,90.94b
zee music company,96700000,music,zee music company,8548,india,in,music,12.0,3.0,2.0,803613000.0,200900.0,3200000.0,2400000.0,38600000.0,1100000.0,2014.0,mar,12.0,28.1,1366417754.0,5.36,471031528.0,20.593684,78.96288,11.22k,66.84b
wwe,96000000,sports,wwe,70127,united states,us,sports,7.0,6.0,1.0,714614000.0,178700.0,2900000.0,2100000.0,34300000.0,600000.0,2007.0,may,11.0,88.2,328239523.0,14.7,270663028.0,37.09024,-95.712891,76.61k,84.98b
blackpink,89800000,people & blogs,blackpink,543,south korea,kr,music,32.0,1.0,3.0,498930000.0,124700.0,2000000.0,1500000.0,23900000.0,700000.0,2016.0,jun,29.0,94.3,51709098.0,4.15,42106719.0,35.907757,127.766922,596,36.02b
sony sab,83000000,shows,sony sab,71270,india,in,entertainment,4.0,5.0,7.0,1657000000.0,414300.0,6600000.0,5000000.0,79600000.0,1100000.0,2007.0,aug,4.0,28.1,1366417754.0,5.36,471031528.0,20.593684,78.96288,85.72k,115.24b
bangtantv,75600000,music,bangtantv,2281,south korea,kr,music,112.0,2.0,4.0,168290000.0,42100.0,673200.0,504900.0,8100000.0,400000.0,2012.0,dec,17.0,94.3,51709098.0,4.15,42106719.0,35.907757,127.766922,2.51k,22.97b
justin bieber,71600000,music,justin bieber,249,canada,ca,music,38.0,1.0,6.0,176326000.0,44100.0,705300.0,529000.0,8500000.0,100000.0,2007.0,jan,15.0,68.9,36991981.0,5.56,30628482.0,56.130366,-106.346771,249,32.31b
hybe labels,71300000,music,hybe labels,1337,south korea,kr,music,46.0,3.0,5.0,598173000.0,149500.0,2400000.0,1800000.0,28700000.0,900000.0,2008.0,jun,4.0,94.3,51709098.0,4.15,42106719.0,35.907757,127.766922,1.85k,34.26b
zee tv,70500000,entertainment,zee tv,129204,india,in,entertainment,9.0,6.0,8.0,1707000000.0,426800.0,6800000.0,5100000.0,81900000.0,900000.0,2005.0,dec,11.0,28.1,1366417754.0,5.36,471031528.0,20.593684,78.96288,175.68k,89.41b
chuchu tv nursery rhymes & kids songs,65900000,education,chuchu tv nursery rhymes & kids songs,633,india,in,education,18.0,7.0,3.0,420292000.0,105100.0,1700000.0,1300000.0,20200000.0,500000.0,2013.0,feb,9.0,28.1,1366417754.0,5.36,471031528.0,20.593684,78.96288,792,51.03b
shemaroo filmi gaane,65600000,music,shemaroo filmi gaane,8502,india,in,music,47.0,8.0,8.0,254961000.0,63700.0,1000000.0,764900.0,12200000.0,400000.0,2010.0,jun,11.0,28.1,1366417754.0,5.36,471031528.0,20.593684,78.96288,8.58k,29.3b
colors tv,64600000,shows,colors tv,112915,india,in,entertainment,10.0,9.0,9.0,1188000000.0,296900.0,4800000.0,3600000.0,57000000.0,1100000.0,2008.0,jun,13.0,28.1,1366417754.0,5.36,471031528.0,20.593684,78.96288,151.75k,70.94b
dude perfect,59500000,sports,dude perfect,389,united states,us,sports,182.0,9.0,3.0,141200000.0,35300.0,564800.0,423600.0,6800000.0,100000.0,2009.0,mar,17.0,88.2,328239523.0,14.7,270663028.0,37.09024,-95.712891,437,17.42b
movieclips,59500000,film & animation,movieclips,39113,united states,us,film,11.0,9.0,3.0,114668000.0,28700.0,458700.0,344000.0,5500000.0,100000.0,2006.0,apr,28.0,88.2,328239523.0,14.7,270663028.0,37.09024,-95.712891,40.61k,62.2b
tips official,59300000,music,tips official,4741,india,in,music,30.0,11.0,10.0,422634000.0,105700.0,1700000.0,1300000.0,20300000.0,600000.0,2007.0,may,22.0,28.1,1366417754.0,5.36,471031528.0,20.593684,78.96288,5.82k,38.83b
el reino infantil,58400000,music,el reino infantil,1510,argentina,ar,music,13.0,1.0,11.0,611828000.0,153000.0,2400000.0,1800000.0,29400000.0,600000.0,2011.0,jun,2.0,90.0,44938712.0,9.79,41339571.0,-38.416097,-63.616672,1.48k,60.42b
wave music,58000000,music,wave music,19487,india,in,music,21.0,12.0,12.0,232025000.0,58000.0,928100.0,696100.0,11100000.0,500000.0,2014.0,oct,29.0,28.1,1366417754.0,5.36,471031528.0,20.593684,78.96288,20.15k,42.76b
aaj tak,57600000,news & politics,aaj tak,283775,india,in,news,71.0,13.0,1.0,461148000.0,115300.0,1800000.0,1400000.0,22100000.0,500000.0,2009.0,aug,27.0,28.1,1366417754.0,5.36,471031528.0,20.593684,78.96288,365.35k,31.73b
sony music india,57200000,music,sony music india,3882,india,in,music,45.0,14.0,13.0,259310000.0,64800.0,1000000.0,777900.0,12400000.0,300000.0,2009.0,sep,2.0,28.1,1366417754.0,5.36,471031528.0,20.593684,78.96288,4.69k,31.93b
eminemmusic,56900000,music,eminemmusic,156,united states,us,music,59.0,10.0,14.0,260193000.0,65000.0,1000000.0,780600.0,12500000.0,300000.0,2007.0,feb,9.0,88.2,328239523.0,14.7,270663028.0,37.09024,-95.712891,165,29.73b
marshmello,56400000,entertainment,marshmello,436,united states,us,music,233.0,11.0,15.0,112100000.0,28000.0,448400.0,336300.0,5400000.0,100000.0,2015.0,apr,6.0,88.2,328239523.0,14.7,270663028.0,37.09024,-95.712891,484,15.74b
yrf,54600000,film & animation,yrf,3707,india,in,music,28.0,15.0,16.0,512093000.0,128000.0,2000000.0,1500000.0,24600000.0,500000.0,2006.0,jun,7.0,28.1,1366417754.0,5.36,471031528.0,20.593684,78.96288,4.1k,41.11b
ed sheeran,53500000,music,ed sheeran,383,united kingdom,gb,music,39.0,1.0,18.0,202720000.0,50700.0,810900.0,608200.0,9700000.0,100000.0,2006.0,aug,8.0,60.0,66834405.0,3.85,55908316.0,55.378051,-3.435973,474,32.44b
infobells - hindi,53300000,education,infobells - hindi,577,india,in,education,37.0,16.0,4.0,815949000.0,204000.0,3300000.0,2400000.0,39200000.0,1600000.0,2014.0,jun,6.0,28.1,1366417754.0,5.36,471031528.0,20.593684,78.96288,674,36.12b
taylor swift,52900000,music,taylor swift,216,united states,us,music,40.0,13.0,19.0,528392000.0,132100.0,2100000.0,1600000.0,25400000.0,800000.0,2006.0,sep,20.0,88.2,328239523.0,14.7,270663028.0,37.09024,-95.712891,268,35.44b
ariana grande,52700000,music,ariana grande,147,united states,us,music,78.0,14.0,20.0,160216000.0,40100.0,640900.0,480600.0,7700000.0,100000.0,2007.0,jan,22.0,88.2,328239523.0,14.7,270663028.0,37.09024,-95.712891,190,26.21b
juegagerman,48100000,gaming,juegagerman,2052,chile,cl,games,237.0,1.0,2.0,66388000.0,16600.0,265600.0,199200.0,3200000.0,200000.0,2013.0,may,19.0,88.5,18952038.0,7.09,16610135.0,-35.675147,-71.542969,2.17k,15.44b
billie eilish,47900000,music,billie eilish,65,united states,us,music,263.0,16.0,21.0,146862000.0,36700.0,587400.0,440600.0,7000000.0,200000.0,2013.0,feb,6.0,88.2,328239523.0,14.7,270663028.0,37.09024,-95.712891,122,15.72b
shemaroo,47400000,entertainment,shemaroo,11451,india,in,entertainment,97.0,17.0,10.0,232744000.0,58200.0,931000.0,698200.0,11200000.0,500000.0,2007.0,sep,1.0,28.1,1366417754.0,5.36,471031528.0,20.593684,78.96288,12.25k,24.55b
sonymusicindiavevo,46600000,music,sonymusicindiavevo,3444,united states,us,music,55.0,17.0,22.0,314505000.0,78600.0,1300000.0,943500.0,15100000.0,400000.0,2009.0,sep,2.0,88.2,328239523.0,14.7,270663028.0,37.09024,-95.712891,3.75k,30.91b
fernanfloo,46100000,gaming,fernanfloo,543,el salvador,sv,games,419.0,1.0,3.0,33842000.0,8500.0,135400.0,101500.0,1600000.0,200000.0,2011.0,may,2.0,29.4,6453553.0,4.11,4694702.0,13.794185,-88.89653,546,10.6b
voot kids,45500000,entertainment,voot kids,4660,india,in,entertainment,105.0,18.0,13.0,233988000.0,58500.0,936000.0,702000.0,11200000.0,400000.0,2016.0,nov,23.0,28.1,1366417754.0,5.36,471031528.0,20.593684,78.96288,5.83k,22.8b
felipe neto,45200000,entertainment,felipe neto,4331,brazil,br,entertainment,174.0,2.0,14.0,130359000.0,32600.0,521400.0,391100.0,6300000.0,200000.0,2006.0,may,16.0,51.3,212559417.0,12.08,183241641.0,-14.235004,-51.92528,4.89k,17.67b
har pal geo,44600000,entertainment,har pal geo,100755,pakistan,pk,entertainment,20.0,1.0,15.0,1337000000.0,334300.0,5300000.0,4000000.0,64200000.0,1300000.0,2008.0,jan,2.0,9.0,216565318.0,4.45,79927762.0,30.375321,69.345116,133.64k,53.63b
katy perry,44200000,music,katy perry,128,united states,us,music,70.0,19.0,24.0,134242000.0,33600.0,537000.0,402700.0,6400000.0,100000.0,2008.0,jun,1.0,88.2,328239523.0,14.7,270663028.0,37.09024,-95.712891,142,26.8b
abs-cbn entertainment,44200000,people & blogs,abs-cbn entertainment,193890,philippines,ph,entertainment,16.0,1.0,16.0,176629000.0,44200.0,706500.0,529900.0,8500000.0,300000.0,2008.0,jul,16.0,35.5,108116615.0,2.15,50975903.0,12.879721,121.774017,225.08k,54.86b
shakira,43500000,people & blogs,shakira,326,colombia,co,howto,52.0,1.0,3.0,353412000.0,88400.0,1400000.0,1100000.0,17000000.0,500000.0,2005.0,oct,16.0,55.3,50339443.0,9.71,40827302.0,4.570868,-74.297333,358,30.35b
  ,43200000,film & animation,  ,1478,russia,ru,education,26.0,2.0,6.0,303780000.0,75900.0,1200000.0,911300.0,14600000.0,300000.0,2011.0,may,31.0,81.9,144373535.0,4.59,107683889.0,61.52401,105.318756,618,19.17b
ary digital hd,43200000,entertainment,ary digital hd,109871,pakistan,pk,entertainment,24.0,2.0,18.0,1149000000.0,287300.0,4600000.0,3400000.0,55200000.0,900000.0,2016.0,jul,11.0,9.0,216565318.0,4.45,79927762.0,30.375321,69.345116,139.17k,51.02b
speed records,42500000,music,speed records,10938,india,in,music,62.0,19.0,26.0,159757000.0,39900.0,639000.0,479300.0,7700000.0,100000.0,2012.0,nov,22.0,28.1,1366417754.0,5.36,471031528.0,20.593684,78.96288,11.49k,28.89b
rihanna,41900000,entertainment,rihanna,84,barbados,bb,music,98.0,1.0,27.0,182926000.0,45700.0,731700.0,548800.0,8800000.0,100000.0,2005.0,nov,6.0,65.4,287025.0,10.33,89431.0,13.193887,-59.543198,85,24.34b
ishtar music,41400000,trailers,ishtar music,4510,india,in,music,155.0,20.0,28.0,180942000.0,45200.0,723800.0,542800.0,8700000.0,400000.0,2005.0,sep,22.0,28.1,1366417754.0,5.36,471031528.0,20.593684,78.96288,4.61k,19.29b
kimberly loaiza,41300000,people & blogs,kimberly loaiza,291,mexico,mx,people,1157.0,2.0,1.0,136745000.0,34200.0,547000.0,410200.0,6600000.0,400000.0,2016.0,nov,16.0,40.2,126014024.0,3.42,102626859.0,23.634501,-102.552784,316,6.57b
little baby bum - nursery rhymes & kids songs,40900000,education,little baby bum - nursery rhymes & kids songs,2423,united states,us,education,22.0,22.0,7.0,98775000.0,24700.0,395100.0,296300.0,4700000.0,100000.0,2011.0,jun,22.0,88.2,328239523.0,14.7,270663028.0,37.09024,-95.712891,2.65k,40.51b
shfa2 - ,39700000,people & blogs,shfa2 - ,1596,united arab emirates,ae,people,81.0,1.0,2.0,247731000.0,61900.0,990900.0,743200.0,11900000.0,300000.0,2017.0,nov,6.0,36.8,9770529.0,2.35,8479744.0,23.424076,53.847818,1.76k,27.62b
carryminati,39200000,comedy,carryminati,186,india,in,comedy,2487.0,21.0,2.0,78688000.0,19700.0,314800.0,236100.0,3800000.0,700000.0,2014.0,oct,30.0,28.1,1366417754.0,5.36,471031528.0,20.593684,78.96288,197,3.76b
xxxtentacion,39200000,music,xxxtentacion,133,united states,us,music,403.0,24.0,29.0,58362000.0,14600.0,233400.0,175100.0,2800000.0,100000.0,2015.0,jun,23.0,88.2,328239523.0,14.7,270663028.0,37.09024,-95.712891,135,11.07b
super simple songs - kids songs,39200000,education,super simple songs - kids songs,744,canada,ca,education,19.0,2.0,8.0,560756000.0,140200.0,2200000.0,1700000.0,26900000.0,400000.0,2006.0,sep,8.0,68.9,36991981.0,5.56,30628482.0,56.130366,-106.346771,791,50.79b
mikecrack,39100000,gaming,mikecrack,1876,spain,es,games,188.0,1.0,4.0,264108000.0,66000.0,1100000.0,792300.0,12700000.0,800000.0,2015.0,jul,13.0,88.9,47076781.0,13.96,37927409.0,40.463667,-3.74922,2.04k,18.53b
workpointofficial,39000000,entertainment,workpointofficial,72580,thailand,th,entertainment,27.0,1.0,24.0,130461000.0,32600.0,521800.0,391400.0,6300000.0,200000.0,2012.0,nov,5.0,49.3,69625582.0,0.75,35294600.0,15.870032,100.992541,83.9k,38.44b
gr6 explode,38900000,music,gr6 explode,3043,brazil,br,music,73.0,6.0,30.0,1635000000.0,408700.0,6500000.0,4900000.0,78500000.0,100000.0,2014.0,aug,5.0,51.3,212559417.0,12.08,183241641.0,-14.235004,-51.92528,3.36k,28.12b
tedx talks,38600000,nonprofits & activism,tedx talks,200933,united states,us,nonprofit,768.0,25.0,1.0,45638000.0,11400.0,182600.0,136900.0,2200000.0,100000.0,2009.0,jun,23.0,88.2,328239523.0,14.7,270663028.0,37.09024,-95.712891,216.91k,7.88b
goldmines gaane sune ansune,38300000,music,goldmines gaane sune ansune,3532,india,in,music,170.0,22.0,31.0,814756000.0,203700.0,3300000.0,2400000.0,39100000.0,400000.0,2015.0,aug,24.0,28.1,1366417754.0,5.36,471031528.0,20.593684,78.96288,3.79k,18.94b
sony pal,38200000,shows,sony pal,24089,india,in,entertainment,49.0,23.0,25.0,415914000.0,104000.0,1700000.0,1200000.0,20000000.0,500000.0,2014.0,may,9.0,28.1,1366417754.0,5.36,471031528.0,20.593684,78.96288,28.32k,32.75b
daddy yankee,38000000,music,daddy yankee,505,united states,us,music,92.0,27.0,33.0,205594000.0,51400.0,822400.0,616800.0,9900000.0,100000.0,2011.0,may,16.0,88.2,328239523.0,14.7,270663028.0,37.09024,-95.712891,558,24.37b
 one31,37500000,entertainment, one31,117152,thailand,th,entertainment,56.0,2.0,29.0,140754000.0,35200.0,563000.0,422300.0,6800000.0,300000.0,2013.0,jan,10.0,49.3,69625582.0,0.75,35294600.0,15.870032,100.992541,143.73k,28.29b
jkk entertainment,37200000,comedy,jkk entertainment,220,india,in,comedy,178.0,24.0,3.0,49861000.0,12500.0,199400.0,149600.0,2400000.0,100000.0,2017.0,mar,20.0,28.1,1366417754.0,5.36,471031528.0,20.593684,78.96288,236,16.93b
abp news,37000000,people & blogs,abp news,301308,india,in,news,280.0,25.0,2.0,267060000.0,66800.0,1100000.0,801200.0,12800000.0,400000.0,2012.0,jun,1.0,28.1,1366417754.0,5.36,471031528.0,20.593684,78.96288,379.59k,17.05b
maria clara & jp,37000000,people & blogs,maria clara & jp,744,brazil,br,entertainment,75.0,7.0,30.0,251449000.0,62900.0,1000000.0,754300.0,12100000.0,300000.0,2015.0,sep,6.0,51.3,212559417.0,12.08,183241641.0,-14.235004,-51.92528,821,27.61b
bruno mars,36700000,music,bruno mars,99,united states,us,music,134.0,30.0,34.0,175243000.0,43800.0,701000.0,525700.0,8400000.0,200000.0,2006.0,sep,19.0,88.2,328239523.0,14.7,270663028.0,37.09024,-95.712891,100,21.03b
ultra bollywood,36600000,trailers,ultra bollywood,9168,india,in,entertainment,205.0,26.0,31.0,131462000.0,0.0,0.0,0.0,0.0,200000.0,2009.0,oct,21.0,28.1,1366417754.0,5.36,471031528.0,20.593684,78.96288,9.36k,15.96b
youtube,36300000,news & politics,youtube,744,united states,us,entertainment,2860.0,32.0,5.0,21103000.0,5300.0,84400.0,63300.0,1000000.0,300000.0,1970.0,jan,1.0,88.2,328239523.0,14.7,270663028.0,37.09024,-95.712891,723,3.03b
saregama music,35500000,entertainment,saregama music,7566,india,in,music,199.0,27.0,38.0,533793000.0,133400.0,2100000.0,1600000.0,25600000.0,900000.0,2013.0,jan,4.0,28.1,1366417754.0,5.36,471031528.0,20.593684,78.96288,8.72k,19.56b
indiatv,35500000,news & politics,indiatv,273255,india,in,news,185.0,27.0,3.0,290847000.0,72700.0,1200000.0,872500.0,14000000.0,600000.0,2006.0,aug,26.0,28.1,1366417754.0,5.36,471031528.0,20.593684,78.96288,304.44k,20.1b
t-series bollywood classics,35400000,music,t-series bollywood classics,2010,india,in,music,94.0,28.0,39.0,331474000.0,82900.0,1300000.0,994400.0,15900000.0,500000.0,2012.0,apr,2.0,28.1,1366417754.0,5.36,471031528.0,20.593684,78.96288,2.06k,26.49b
markiplier,35200000,gaming,markiplier,5490,united states,us,games,119.0,34.0,8.0,127329000.0,31800.0,509300.0,382000.0,6100000.0,100000.0,2012.0,may,26.0,88.2,328239523.0,14.7,270663028.0,37.09024,-95.712891,5.6k,21.48b
ryan's world,35200000,entertainment,ryan's world,2453,united states,us,entertainment,15.0,35.0,32.0,238613000.0,59700.0,954500.0,715800.0,11500000.0,200000.0,2015.0,mar,17.0,88.2,328239523.0,14.7,270663028.0,37.09024,-95.712891,2.82k,57.67b
geet mp3,34300000,music,geet mp3,679,india,in,music,299.0,31.0,41.0,101357000.0,25300.0,405400.0,304100.0,4900000.0,100000.0,2016.0,oct,22.0,28.1,1366417754.0,5.36,471031528.0,20.593684,78.96288,739,13.72b
j balvin,34100000,music,j balvin,141,colombia,co,music,89.0,2.0,42.0,128696000.0,32200.0,514800.0,386100.0,6200000.0,100000.0,2011.0,feb,18.0,55.3,50339443.0,9.71,40827302.0,4.570868,-74.297333,210,24b
jess no limit,34000000,entertainment,jess no limit,2284,indonesia,id,entertainment,1882.0,1.0,33.0,547141000.0,136800.0,2200000.0,1600000.0,26300000.0,5500000.0,2017.0,sep,7.0,36.3,270203917.0,4.69,151509724.0,-0.789275,113.921327,2.92k,6.46b
jingle toons,34000000,film & animation,jingle toons,240,india,in,film,360.0,32.0,8.0,179903000.0,45000.0,719600.0,539700.0,8600000.0,600000.0,2013.0,jan,24.0,28.1,1366417754.0,5.36,471031528.0,20.593684,78.96288,252,13b
galinha pintadinha,33800000,film & animation,galinha pintadinha,66,brazil,br,film,54.0,8.0,9.0,403508000.0,100900.0,1600000.0,1200000.0,19400000.0,200000.0,2006.0,aug,30.0,51.3,212559417.0,12.08,183241641.0,-14.235004,-51.92528,65,32.4b
sssniperwolf,33700000,gaming,sssniperwolf,3366,united states,us,entertainment,83.0,37.0,35.0,210955000.0,52700.0,843800.0,632900.0,10100000.0,200000.0,2013.0,jan,20.0,88.2,328239523.0,14.7,270663028.0,37.09024,-95.712891,3.58k,25.06b
selena gomez,33600000,film & animation,selena gomez,188,united states,us,music,288.0,38.0,43.0,115792000.0,28900.0,463200.0,347400.0,5600000.0,200000.0,2008.0,feb,8.0,88.2,328239523.0,14.7,270663028.0,37.09024,-95.712891,193,14b
rajshri,33500000,music,rajshri,3741,india,in,entertainment,222.0,34.0,36.0,272255000.0,68100.0,1100000.0,816800.0,13100000.0,500000.0,2006.0,mar,24.0,28.1,1366417754.0,5.36,471031528.0,20.593684,78.96288,4.37k,16.56b
ch3thailand,33500000,entertainment,ch3thailand,96214,thailand,th,entertainment,41.0,3.0,37.0,61307000.0,0.0,0.0,0.0,0.0,100000.0,2014.0,may,29.0,49.3,69625582.0,0.75,35294600.0,15.870032,100.992541,79.37k,22.81b
khandeshi movies,33500000,comedy,khandeshi movies,217,india,in,comedy,357.0,35.0,4.0,24736000.0,6200.0,98900.0,74200.0,1200000.0,100000.0,2013.0,nov,11.0,28.1,1366417754.0,5.36,471031528.0,20.593684,78.96288,234,11.72b
cvs 3d rhymes & kids songs,33400000,education,cvs 3d rhymes & kids songs,338,india,in,education,120.0,35.0,9.0,136084000.0,34000.0,544300.0,408300.0,6500000.0,200000.0,2008.0,aug,26.0,28.1,1366417754.0,5.36,471031528.0,20.593684,78.96288,338,21.71b
ricis official,33300000,people & blogs,ricis official,2736,indonesia,id,entertainment,1043.0,2.0,34.0,157101000.0,39300.0,628400.0,471300.0,7500000.0,1900000.0,2016.0,jan,15.0,36.3,270203917.0,4.69,151509724.0,-0.789275,113.921327,4.32k,7.71b
babybus - kids songs and cartoons,32800000,education,babybus - kids songs and cartoons,2122,united states,us,education,64.0,39.0,10.0,127498000.0,31900.0,510000.0,382500.0,6100000.0,200000.0,2016.0,jul,15.0,88.2,328239523.0,14.7,270663028.0,37.09024,-95.712891,2.44k,28.69b
disneymusicvevo,32700000,music,disneymusicvevo,2068,united states,us,music,50.0,40.0,45.0,329861000.0,82500.0,1300000.0,989600.0,15800000.0,300000.0,2010.0,may,20.0,88.2,328239523.0,14.7,270663028.0,37.09024,-95.712891,2.3k,31.98b
the weeknd,32600000,music,the weeknd,169,canada,ca,music,85.0,3.0,45.0,373828000.0,93500.0,1500000.0,1100000.0,17900000.0,200000.0,2011.0,feb,25.0,68.9,36991981.0,5.56,30628482.0,56.130366,-106.346771,172,27.43b
karol g,32100000,music,karol g,134,colombia,co,music,140.0,3.0,46.0,465647000.0,116400.0,1900000.0,1400000.0,22400000.0,300000.0,2013.0,mar,14.0,55.3,50339443.0,9.71,40827302.0,4.570868,-74.297333,161,23.88b
mr bean,32100000,shows,mr bean,3091,united kingdom,gb,comedy,400.0,4.0,5.0,56534000.0,14100.0,226100.0,169600.0,2700000.0,100000.0,2006.0,jan,4.0,60.0,66834405.0,3.85,55908316.0,55.378051,-3.435973,3.48k,11.21b
starplus,32000000,entertainment,starplus,44892,india,in,entertainment,60.0,38.0,40.0,1667000000.0,416800.0,6700000.0,5000000.0,80000000.0,1200000.0,2006.0,may,19.0,28.1,1366417754.0,5.36,471031528.0,20.593684,78.96288,90.19k,43.07b
gma  network,31900000,entertainment,gma  network,93311,philippines,ph,entertainment,129.0,2.0,41.0,798510000.0,199600.0,3200000.0,2400000.0,38300000.0,500000.0,2006.0,nov,20.0,35.5,108116615.0,2.15,50975903.0,12.879721,121.774017,137.83k,27.37b
mr. indian hacker,31700000,science & technology,mr. indian hacker,929,india,in,tech,1132.0,40.0,1.0,109125000.0,27300.0,436500.0,327400.0,5200000.0,500000.0,2012.0,jun,21.0,28.1,1366417754.0,5.36,471031528.0,20.593684,78.96288,1.03k,7b
worldwide records bhojpuri,31700000,music,worldwide records bhojpuri,6518,india,in,music,177.0,39.0,48.0,112648000.0,28200.0,450600.0,337900.0,5400000.0,200000.0,2012.0,mar,15.0,28.1,1366417754.0,5.36,471031528.0,20.593684,78.96288,7.19k,18.11b
dona ,31700000,entertainment,dona ,166,united states,us,entertainment,110.0,41.0,42.0,153280000.0,38300.0,613100.0,459800.0,7400000.0,200000.0,2018.0,apr,5.0,88.2,328239523.0,14.7,270663028.0,37.09024,-95.712891,173,22.29b
dream,31700000,gaming,dream,116,united states,us,games,2986.0,41.0,12.0,27022000.0,6800.0,108100.0,81100.0,1300000.0,200000.0,2014.0,feb,8.0,88.2,328239523.0,14.7,270663028.0,37.09024,-95.712891,116,3.11b
lucas and marcus,31600000,entertainment,lucas and marcus,1321,united states,us,entertainment,339.0,42.0,43.0,312099000.0,78000.0,1200000.0,936300.0,15000000.0,400000.0,2011.0,jan,19.0,88.2,328239523.0,14.7,270663028.0,37.09024,-95.712891,1.77k,14.32b
peppa pig - official channel,31400000,film & animation,peppa pig - official channel,3589,united kingdom,gb,education,91.0,5.0,11.0,244925000.0,61200.0,979700.0,734800.0,11800000.0,300000.0,2013.0,oct,9.0,60.0,66834405.0,3.85,55908316.0,55.378051,-3.435973,6.45k,25.89b
yolo aventuras,31200000,people & blogs,yolo aventuras,65,venezuela,ve,comedy,3361188.0,522.0,2270.0,3589.0,0.9,14.0,11.0,172.0,100.0,2018.0,dec,16.0,79.3,28515829.0,8.8,25162368.0,6.42375,-66.58973,2.37k,16.18b
the tonight show starring jimmy fallon,31200000,comedy,the tonight show starring jimmy fallon,8976,united states,us,comedy,166.0,44.0,6.0,22511000.0,0.0,0.0,0.0,0.0,100000.0,2006.0,jan,8.0,88.2,328239523.0,14.7,270663028.0,37.09024,-95.712891,10.28k,17.63b
thedonato,31200000,entertainment,thedonato,3027,argentina,ar,games,997.0,3.0,12.0,190679000.0,47700.0,762700.0,572000.0,9200000.0,1900000.0,2015.0,feb,17.0,90.0,44938712.0,9.79,41339571.0,-38.416097,-63.616672,3.51k,7.54b
imaginedragons,30700000,music,imaginedragons,92,united states,us,music,169.0,45.0,50.0,188837000.0,47200.0,755300.0,566500.0,9100000.0,100000.0,2009.0,aug,3.0,88.2,328239523.0,14.7,270663028.0,37.09024,-95.712891,139,18.71b
round2hell,30700000,comedy,round2hell,67,india,in,entertainment,2687.0,41.0,45.0,31822000.0,8000.0,127300.0,95500.0,1500000.0,300000.0,2016.0,oct,20.0,28.1,1366417754.0,5.36,471031528.0,20.593684,78.96288,68,3.42b
zee news,30500000,news & politics,zee news,180092,india,in,news,168.0,41.0,4.0,461472000.0,115400.0,1800000.0,1400000.0,22200000.0,600000.0,2007.0,jun,19.0,28.1,1366417754.0,5.36,471031528.0,20.593684,78.96288,174.48k,21.2b
aboflah,30500000,gaming,aboflah,641,kuwait,kw,entertainment,1573.0,1.0,7.0,157908000.0,39500.0,631600.0,473700.0,7600000.0,1300000.0,2016.0,jul,28.0,54.4,4207083.0,2.18,4207083.0,29.31166,47.481766,705,5.83b
adele,30200000,music,adele,15,united kingdom,gb,music,248.0,6.0,53.0,137099000.0,34300.0,548400.0,411300.0,6600000.0,100000.0,2008.0,apr,4.0,60.0,66834405.0,3.85,55908316.0,55.378051,-3.435973,15,15.6b
   | toyoraljanahtv,30200000,entertainment,   | toyoraljanahtv,3254,jordan,jo,music,51.0,1.0,52.0,116434000.0,29100.0,465700.0,349300.0,5600000.0,100000.0,2008.0,nov,24.0,34.4,10101694.0,14.72,9213048.0,30.585164,36.238414,3.34k,28.95b
spinnin' records,30100000,music,spinnin' records,11501,netherlands,nl,music,127.0,1.0,54.0,100040000.0,25000.0,400200.0,300100.0,4800000.0,100000.0,2007.0,jul,12.0,85.0,17332850.0,3.2,15924729.0,52.132633,5.291266,12.23k,20.73b
ashish chanchlani vines,29800000,comedy,ashish chanchlani vines,151,india,in,comedy,1622.0,42.0,8.0,26171000.0,6500.0,104700.0,78500.0,1300000.0,100000.0,2009.0,jul,6.0,28.1,1366417754.0,5.36,471031528.0,20.593684,78.96288,157,4.76b
zhong,29200000,entertainment,zhong,1513,united states,us,entertainment,230.0,51.0,48.0,180519000.0,0.0,0.0,0.0,0.0,1000000.0,2015.0,jan,19.0,88.2,328239523.0,14.7,270663028.0,37.09024,-95.712891,1.74k,16.84b
enaldinho,29200000,comedy,enaldinho,3654,brazil,br,games,338.0,10.0,15.0,303100000.0,75800.0,1200000.0,909300.0,14500000.0,1000000.0,2012.0,nov,7.0,51.3,212559417.0,12.08,183241641.0,-14.235004,-51.92528,4.3k,15.58b
infobells - tamil,28900000,education,infobells - tamil,555,india,in,education,149.0,44.0,13.0,109828000.0,27500.0,439300.0,329500.0,5300000.0,200000.0,2014.0,mar,13.0,28.1,1366417754.0,5.36,471031528.0,20.593684,78.96288,649,19.71b
aditya movies,28400000,movies,aditya movies,5436,india,in,film,432.0,45.0,11.0,227355000.0,56800.0,909400.0,682100.0,10900000.0,500000.0,2012.0,feb,23.0,28.1,1366417754.0,5.36,471031528.0,20.593684,78.96288,7.7k,12.62b
infobells - telugu,28300000,education,infobells - telugu,505,india,in,education,223.0,45.0,14.0,288110000.0,72000.0,1200000.0,864300.0,13800000.0,800000.0,2014.0,mar,13.0,28.1,1366417754.0,5.36,471031528.0,20.593684,78.96288,599,17.21b
hum tv,28300000,entertainment,hum tv,106983,pakistan,pk,entertainment,80.0,3.0,49.0,684860000.0,171200.0,2700000.0,2100000.0,32900000.0,700000.0,2011.0,may,25.0,9.0,216565318.0,4.45,79927762.0,30.375321,69.345116,142.19k,33.12b
shemaroo movies,28200000,entertainment,shemaroo movies,3009,india,in,film,721.0,46.0,13.0,184966000.0,46200.0,739900.0,554900.0,8900000.0,500000.0,2011.0,mar,1.0,28.1,1366417754.0,5.36,471031528.0,20.593684,78.96288,3.39k,8.92b
michael jackson,28200000,music,michael jackson,15,united states,us,music,242.0,54.0,59.0,158591000.0,39600.0,634400.0,475800.0,7600000.0,200000.0,2005.0,jun,22.0,88.2,328239523.0,14.7,270663028.0,37.09024,-95.712891,17,16.03b
toycantando,27700000,music,toycantando,619,colombia,co,music,197.0,4.0,62.0,173836000.0,43500.0,695300.0,521500.0,8300000.0,200000.0,2009.0,jul,7.0,55.3,50339443.0,9.71,40827302.0,4.570868,-74.297333,796,17.52b
wiz khalifa,27500000,music,wiz khalifa,682,united states,us,music,275.0,57.0,63.0,90450000.0,22600.0,361800.0,271300.0,4300000.0,100000.0,2008.0,may,9.0,88.2,328239523.0,14.7,270663028.0,37.09024,-95.712891,747,14.13b
jyp entertainment,27400000,music,jyp entertainment,1753,south korea,kr,music,124.0,4.0,64.0,307631000.0,76900.0,1200000.0,922900.0,14800000.0,200000.0,2008.0,jan,25.0,94.3,51709098.0,4.15,42106719.0,35.907757,127.766922,2.09k,22.52b
 kids roma show,27400000,people & blogs, kids roma show,642,united states,us,entertainment,418.0,58.0,50.0,175844000.0,44000.0,703400.0,527500.0,8400000.0,400000.0,2015.0,may,12.0,88.2,328239523.0,14.7,270663028.0,37.09024,-95.712891,713,13.92b
dantdm,27400000,gaming,dantdm,3664,united kingdom,gb,games,132.0,7.0,16.0,78668000.0,19700.0,314700.0,236000.0,3800000.0,500000.0,2012.0,jul,14.0,60.0,66834405.0,3.85,55908316.0,55.378051,-3.435973,3.71k,19.83b
nick jr.,27300000,film & animation,nick jr.,5438,united states,us,entertainment,100.0,59.0,51.0,42546000.0,10600.0,170200.0,127600.0,2000000.0,200000.0,2012.0,sep,27.0,88.2,328239523.0,14.7,270663028.0,37.09024,-95.712891,5.48k,23.94b
crazy xyz,27300000,entertainment,crazy xyz,1259,india,in,tech,707.0,48.0,2.0,102235000.0,25600.0,408900.0,306700.0,4900000.0,100000.0,2017.0,sep,10.0,28.1,1366417754.0,5.36,471031528.0,20.593684,78.96288,1.36k,8.94b
dushyant kukreja,27100000,entertainment,dushyant kukreja,889,india,in,entertainment,159.0,49.0,52.0,429692000.0,107400.0,1700000.0,1300000.0,20600000.0,700000.0,2015.0,sep,26.0,28.1,1366417754.0,5.36,471031528.0,20.593684,78.96288,1.19k,24.95b
brent rivera,27000000,comedy,brent rivera,554,united states,us,entertainment,909.0,60.0,53.0,144453000.0,36100.0,577800.0,433400.0,6900000.0,300000.0,2009.0,aug,1.0,88.2,328239523.0,14.7,270663028.0,37.09024,-95.712891,658,8.46b
renato garcia yt,26900000,entertainment,renato garcia yt,3956,brazil,br,entertainment,664.0,11.0,54.0,82912000.0,20700.0,331600.0,248700.0,4000000.0,200000.0,2011.0,sep,29.0,51.3,212559417.0,12.08,183241641.0,-14.235004,-51.92528,4.38k,8.71b
beast reacts,26700000,people & blogs,beast reacts,241,united states,us,entertainment,1632.0,61.0,54.0,276187000.0,69000.0,1100000.0,828600.0,13300000.0,1200000.0,2016.0,apr,24.0,88.2,328239523.0,14.7,270663028.0,37.09024,-95.712891,238,6.07b
netflix,26700000,entertainment,netflix,6471,united states,us,entertainment,797.0,62.0,55.0,118226000.0,29600.0,472900.0,354700.0,5700000.0,200000.0,2012.0,jul,17.0,88.2,328239523.0,14.7,270663028.0,37.09024,-95.712891,7.31k,8.5b
raffy tulfo in action,26500000,news & politics,raffy tulfo in action,10022,philippines,ph,news,219.0,3.0,5.0,163130000.0,40800.0,652500.0,489400.0,7800000.0,300000.0,2016.0,apr,20.0,35.5,108116615.0,2.15,50975903.0,12.879721,121.774017,11.23k,16.26b
goldmines bollywood,26400000,film & animation,goldmines bollywood,3622,india,in,film,588.0,50.0,15.0,99677000.0,24900.0,398700.0,299000.0,4800000.0,400000.0,2015.0,jul,22.0,28.1,1366417754.0,5.36,471031528.0,20.593684,78.96288,4.74k,10b
alan chikin chow,26400000,comedy,alan chikin chow,865,united states,us,comedy,61.0,63.0,12.0,1046000000.0,261500.0,4200000.0,3100000.0,50200000.0,1300000.0,2020.0,feb,3.0,88.2,328239523.0,14.7,270663028.0,37.09024,-95.712891,1.23k,39.1b
panda boi,26400000,entertainment,panda boi,967,italy,it,entertainment,158.0,1.0,55.0,1225000000.0,306400.0,4900000.0,3700000.0,58800000.0,2000000.0,2020.0,dec,5.0,61.9,60297396.0,9.89,42651966.0,41.87194,12.56738,1.1k,24.22b
junya.,26200000,entertainment,junya.,5985,japan,jp,entertainment,184.0,2.0,56.0,721848000.0,180500.0,2900000.0,2200000.0,34600000.0,1100000.0,2020.0,sep,14.0,63.2,126226568.0,2.29,115782416.0,36.204824,138.252924,8.34k,21.74b
smosh,26100000,comedy,smosh,1619,united states,us,comedy,410.0,65.0,13.0,68156000.0,17000.0,272600.0,204500.0,3300000.0,400000.0,2005.0,nov,19.0,88.2,328239523.0,14.7,270663028.0,37.09024,-95.712891,1.85k,10.8b
indosiar,25900000,music,indosiar,65286,indonesia,id,entertainment,358.0,5.0,60.0,230183000.0,57500.0,920700.0,690500.0,11000000.0,600000.0,2013.0,sep,23.0,36.3,270203917.0,4.69,151509724.0,-0.789275,113.921327,7.69k,5.99b
david guetta,25700000,music,david guetta,749,united states,us,music,153.0,67.0,67.0,164215000.0,41100.0,656900.0,492600.0,7900000.0,100000.0,2009.0,dec,11.0,88.2,328239523.0,14.7,270663028.0,37.09024,-95.712891,853,19.49b
nicki minaj,25700000,music,nicki minaj,42,united states,us,music,425.0,67.0,67.0,103631000.0,25900.0,414500.0,310900.0,5000000.0,100000.0,2013.0,aug,28.0,88.2,328239523.0,14.7,270663028.0,37.09024,-95.712891,72,11.26b
taylorswiftvevo,25600000,music,taylorswiftvevo,287,united states,us,music,67.0,68.0,68.0,318593000.0,79600.0,1300000.0,955800.0,15300000.0,100000.0,2009.0,may,12.0,88.2,328239523.0,14.7,270663028.0,37.09024,-95.712891,307,28.31b
post malone,25500000,music,post malone,78,united states,us,music,243.0,69.0,69.0,195499000.0,48900.0,782000.0,586500.0,9400000.0,100000.0,2011.0,dec,15.0,88.2,328239523.0,14.7,270663028.0,37.09024,-95.712891,108,16.31b
rans entertainment,25400000,people & blogs,rans entertainment,3716,indonesia,id,entertainment,942.0,6.0,62.0,58487000.0,14600.0,233900.0,175500.0,2800000.0,100000.0,2015.0,dec,27.0,36.3,270203917.0,4.69,151509724.0,-0.789275,113.921327,4.22k,6.81b
lankybox,25400000,comedy,lankybox,8775,united states,us,games,29.0,69.0,18.0,815341000.0,203800.0,3300000.0,2400000.0,39100000.0,600000.0,2016.0,jul,30.0,88.2,328239523.0,14.7,270663028.0,37.09024,-95.712891,11.57k,43.11b
coldplay,25300000,music,coldplay,398,united kingdom,gb,music,160.0,8.0,70.0,198875000.0,49700.0,795500.0,596600.0,9500000.0,100000.0,2010.0,jan,3.0,60.0,66834405.0,3.85,55908316.0,55.378051,-3.435973,424,19.06b
wb kids,25200000,people & blogs,wb kids,2025,united states,us,film,375.0,70.0,16.0,140319000.0,35100.0,561300.0,421000.0,6700000.0,300000.0,2015.0,mar,31.0,88.2,328239523.0,14.7,270663028.0,37.09024,-95.712891,2.26k,12.6b
the lallantop,25200000,news & politics,the lallantop,51129,india,in,news,408.0,52.0,6.0,273920000.0,68500.0,1100000.0,821800.0,13100000.0,300000.0,2015.0,mar,23.0,28.1,1366417754.0,5.36,471031528.0,20.593684,78.96288,55.65k,12.47b
trans7 official,25000000,entertainment,trans7 official,89179,indonesia,id,entertainment,251.0,7.0,64.0,123189000.0,30800.0,492800.0,369600.0,5900000.0,100000.0,2014.0,sep,4.0,36.3,270203917.0,4.69,151509724.0,-0.789275,113.921327,97.68k,15.27b
anuel aa,25000000,music,anuel aa,147,colombia,co,music,225.0,6.0,73.0,284144000.0,71000.0,1100000.0,852400.0,13600000.0,300000.0,2016.0,sep,8.0,55.3,50339443.0,9.71,40827302.0,4.570868,-74.297333,155,17.37b
dan rhodes,24800000,entertainment,dan rhodes,1644,united kingdom,gb,entertainment,157.0,9.0,66.0,331889000.0,83000.0,1300000.0,995700.0,15900000.0,500000.0,2015.0,oct,30.0,60.0,66834405.0,3.85,55908316.0,55.378051,-3.435973,1.67k,18.79b
america's got talent,24800000,entertainment,america's got talent,1894,united states,us,entertainment,2122.0,72.0,65.0,134412000.0,33600.0,537600.0,403200.0,6500000.0,400000.0,2006.0,jun,29.0,88.2,328239523.0,14.7,270663028.0,37.09024,-95.712891,2.12k,4.77b
eminemvevo,24700000,music,eminemvevo,104,united states,us,music,115.0,73.0,74.0,139443000.0,34900.0,557800.0,418300.0,6700000.0,100000.0,2009.0,may,12.0,88.2,328239523.0,14.7,270663028.0,37.09024,-95.712891,106,22.01b
katyperryvevo,24600000,music,katyperryvevo,175,united states,us,music,82.0,74.0,75.0,88940000.0,22200.0,355800.0,266800.0,4300000.0,100000.0,2009.0,dec,13.0,88.2,328239523.0,14.7,270663028.0,37.09024,-95.712891,167,24.65b
mark rober,24600000,science & technology,mark rober,120,united states,us,tech,2178.0,74.0,3.0,88625000.0,22200.0,354500.0,265900.0,4300000.0,200000.0,2011.0,oct,20.0,88.2,328239523.0,14.7,270663028.0,37.09024,-95.712891,156,6.32b
pen movies,24300000,film & animation,pen movies,1667,india,in,film,903.0,53.0,17.0,94853000.0,23700.0,379400.0,284600.0,4600000.0,300000.0,2014.0,mar,25.0,28.1,1366417754.0,5.36,471031528.0,20.593684,78.96288,1.75k,7.94b
alejo igoa,24100000,comedy,alejo igoa,802,argentina,ar,entertainment,376.0,4.0,71.0,401512000.0,100400.0,1600000.0,1200000.0,19300000.0,600000.0,2014.0,jan,17.0,90.0,44938712.0,9.79,41339571.0,-38.416097,-63.616672,1.07k,16.82b
spider slack,24000000,comedy,spider slack,901,brazil,br,comedy,252.0,13.0,14.0,761451000.0,190400.0,3000000.0,2300000.0,36500000.0,1100000.0,2020.0,may,18.0,51.3,212559417.0,12.08,183241641.0,-14.235004,-51.92528,1.24k,19.5b
preston,24000000,gaming,preston,4009,united states,us,entertainment,621.0,78.0,72.0,151697000.0,37900.0,606800.0,455100.0,7300000.0,200000.0,2012.0,jul,4.0,88.2,328239523.0,14.7,270663028.0,37.09024,-95.712891,4.12k,9.91b
james charles,23900000,entertainment,james charles,505,united states,us,entertainment,1860.0,79.0,73.0,58126000.0,14500.0,232500.0,174400.0,2800000.0,100000.0,2015.0,dec,1.0,88.2,328239523.0,14.7,270663028.0,37.09024,-95.712891,581,4.38b
diana and roma en,23900000,people & blogs,diana and roma en,511,united states,us,entertainment,787.0,79.0,73.0,177769000.0,44400.0,711100.0,533300.0,8500000.0,300000.0,2011.0,dec,22.0,88.2,328239523.0,14.7,270663028.0,37.09024,-95.712891,591,8.66b
troom troom,23800000,howto & style,troom troom,2425,united states,us,howto,412.0,80.0,8.0,98052000.0,24500.0,392200.0,294200.0,4700000.0,100000.0,2015.0,sep,12.0,88.2,328239523.0,14.7,270663028.0,37.09024,-95.712891,2.72k,10.36b
enrique iglesias,23800000,music,enrique iglesias,443,united states,us,music,154.0,80.0,77.0,122914000.0,30700.0,491700.0,368700.0,5900000.0,100000.0,2007.0,apr,12.0,88.2,328239523.0,14.7,270663028.0,37.09024,-95.712891,525,19.06b
that little puff,23700000,pets & animals,that little puff,769,united states,us,animals,118.0,81.0,1.0,755054000.0,188800.0,3000000.0,2300000.0,36200000.0,1100000.0,2020.0,aug,29.0,88.2,328239523.0,14.7,270663028.0,37.09024,-95.712891,924,26.42b
juan de dios pantoja,23600000,entertainment,juan de dios pantoja,226,mexico,mx,people,4529.0,11.0,10.0,46862000.0,11700.0,187400.0,140600.0,2200000.0,200000.0,2014.0,jun,9.0,40.2,126014024.0,3.42,102626859.0,23.634501,-102.552784,376,3.78b
maya and mary,23600000,entertainment,maya and mary,552,united states,us,entertainment,883.0,82.0,75.0,44542000.0,11100.0,178200.0,133600.0,2100000.0,400000.0,2013.0,aug,30.0,88.2,328239523.0,14.7,270663028.0,37.09024,-95.712891,561,7.32b
tilak,23400000,film & animation,tilak,6672,india,in,film,493.0,56.0,20.0,367347000.0,91800.0,1500000.0,1100000.0,17600000.0,900000.0,2020.0,oct,10.0,28.1,1366417754.0,5.36,471031528.0,20.593684,78.96288,10.01k,12.54b
sesame street,23300000,entertainment,sesame street,3657,united states,us,entertainment,99.0,83.0,78.0,124187000.0,31000.0,496700.0,372600.0,6000000.0,100000.0,2006.0,jan,16.0,88.2,328239523.0,14.7,270663028.0,37.09024,-95.712891,3.73k,23.92b
lady gaga,23200000,people & blogs,lady gaga,172,united states,us,music,198.0,83.0,79.0,143169000.0,35800.0,572700.0,429500.0,6900000.0,100000.0,2008.0,may,15.0,88.2,328239523.0,14.7,270663028.0,37.09024,-95.712891,179,17.27b
wave music bhojpuri,23100000,music,wave music bhojpuri,22578,india,in,music,293.0,59.0,81.0,52678000.0,13200.0,210700.0,158000.0,2500000.0,100000.0,2014.0,aug,10.0,28.1,1366417754.0,5.36,471031528.0,20.593684,78.96288,23.8k,14.33b
ted,23100000,people & blogs,ted,4445,united states,us,tech,3568.0,85.0,4.0,13246000.0,3300.0,53000.0,39700.0,635800.0,100000.0,2006.0,dec,6.0,88.2,328239523.0,14.7,270663028.0,37.09024,-95.712891,4.73k,2.72b
unknown boy varun,23100000,music,unknown boy varun,456,india,in,music,506.0,58.0,80.0,304021000.0,76000.0,1200000.0,912100.0,14600000.0,700000.0,2016.0,sep,27.0,28.1,1366417754.0,5.36,471031528.0,20.593684,78.96288,697,12.73b
kids tv - nursery rhymes and baby songs,23100000,shows,kids tv - nursery rhymes and baby songs,3781,united states,us,music,282.0,85.0,81.0,128448000.0,32100.0,513800.0,385300.0,6200000.0,700000.0,2013.0,aug,30.0,88.2,328239523.0,14.7,270663028.0,37.09024,-95.712891,4.07k,14.64b
tsuriki show,23000000,entertainment,tsuriki show,2905,germany,de,comedy,34.0,1.0,15.0,756717000.0,189200.0,3000000.0,2300000.0,36300000.0,800000.0,2019.0,jul,10.0,70.2,83132799.0,3.04,64324835.0,51.165691,10.451526,3.99k,37.99b
drossrotzank,23000000,entertainment,drossrotzank,1598,argentina,ar,entertainment,1040.0,5.0,80.0,35539000.0,8900.0,142200.0,106600.0,1700000.0,100000.0,2006.0,mar,9.0,90.0,44938712.0,9.79,41339571.0,-38.416097,-63.616672,1.7k,6.35b
ultra movie parlour,22900000,movies,ultra movie parlour,1670,india,in,film,1248.0,61.0,22.0,118846000.0,0.0,0.0,0.0,0.0,300000.0,2011.0,may,17.0,28.1,1366417754.0,5.36,471031528.0,20.593684,78.96288,1.97k,5.38b
toyorbabytv,22900000,music,toyorbabytv,1159,jordan,jo,music,181.0,2.0,83.0,169056000.0,42300.0,676200.0,507200.0,8100000.0,300000.0,2012.0,nov,1.0,34.4,10101694.0,14.72,9213048.0,30.585164,36.238414,1.3k,18.5b
vania mania kids,22700000,people & blogs,vania mania kids,985,united states,us,education,438.0,87.0,18.0,155215000.0,38800.0,620900.0,465600.0,7500000.0,300000.0,2015.0,sep,9.0,88.2,328239523.0,14.7,270663028.0,37.09024,-95.712891,1.23k,12.86b
sun tv,22600000,people & blogs,sun tv,60964,india,in,entertainment,109.0,63.0,82.0,982238000.0,245600.0,3900000.0,2900000.0,47100000.0,600000.0,2016.0,feb,26.0,28.1,1366417754.0,5.36,471031528.0,20.593684,78.96288,90.87k,28.96b
heroindori,22600000,comedy,heroindori,495,india,in,entertainment,508.0,62.0,81.0,399152000.0,99800.0,1600000.0,1200000.0,19200000.0,1400000.0,2020.0,jun,29.0,28.1,1366417754.0,5.36,471031528.0,20.593684,78.96288,653,12.91b
the chainsmokers,22600000,music,the chainsmokers,180,united states,us,music,246.0,88.0,84.0,81660000.0,20400.0,326600.0,245000.0,3900000.0,100000.0,2012.0,sep,22.0,88.2,328239523.0,14.7,270663028.0,37.09024,-95.712891,218,15.02b
mmoshaya,22600000,people & blogs,mmoshaya,1189,saudi arabia,sa,entertainment,156.0,1.0,83.0,73829000.0,18500.0,295300.0,221500.0,3500000.0,100000.0,2010.0,dec,11.0,68.0,34268528.0,5.93,28807838.0,23.885942,45.079162,1.22k,18.2b
leonata family,22600000,people & blogs,leonata family,2321,united states,us,people,57.0,87.0,11.0,1174000000.0,293500.0,4700000.0,3500000.0,56300000.0,1300000.0,2021.0,sep,28.0,88.2,328239523.0,14.7,270663028.0,37.09024,-95.712891,3.32k,37.65b
goldmines cineplex,22500000,film & animation,goldmines cineplex,3377,india,in,film,3793.0,64.0,23.0,48740000.0,12200.0,195000.0,146200.0,2300000.0,200000.0,2015.0,sep,12.0,28.1,1366417754.0,5.36,471031528.0,20.593684,78.96288,4.37k,3.19b
ssundee,22500000,gaming,ssundee,3315,united states,us,games,261.0,90.0,21.0,175094000.0,43800.0,700400.0,525300.0,8400000.0,200000.0,2009.0,nov,28.0,88.2,328239523.0,14.7,270663028.0,37.09024,-95.712891,3.53k,15.2b
smile family,22300000,people & blogs,smile family,34,france,fr,music,3805801.0,3046.0,4509.0,735.0,0.18,3.0,2.0,35.0,10.0,2019.0,nov,3.0,65.6,67059887.0,8.43,54123364.0,46.227638,2.213749,746,8.87b
fgteev,22300000,gaming,fgteev,1724,united states,us,games,77.0,91.0,22.0,132110000.0,33000.0,528400.0,396300.0,6300000.0,100000.0,2013.0,may,24.0,88.2,328239523.0,14.7,270663028.0,37.09024,-95.712891,1.82k,24.93b
charlie puth,22000000,music,charlie puth,157,united states,us,music,449.0,94.0,86.0,111500000.0,27900.0,446000.0,334500.0,5400000.0,100000.0,2009.0,sep,9.0,88.2,328239523.0,14.7,270663028.0,37.09024,-95.712891,163,10.81b
sagawa /,22000000,entertainment,sagawa /,6274,japan,jp,entertainment,144.0,3.0,88.0,711254000.0,177800.0,2800000.0,2100000.0,34100000.0,800000.0,2021.0,feb,13.0,63.2,126226568.0,2.29,115782416.0,36.204824,138.252924,8.42k,25.04b
ben azelart,21900000,film & animation,ben azelart,301,united states,us,entertainment,1620.0,94.0,88.0,184946000.0,46200.0,739800.0,554800.0,8900000.0,500000.0,2014.0,jun,5.0,88.2,328239523.0,14.7,270663028.0,37.09024,-95.712891,343,6.56b
zach choi asmr,21900000,people & blogs,zach choi asmr,946,united states,us,people,1069.0,94.0,12.0,234222000.0,58600.0,936900.0,702700.0,11200000.0,400000.0,2014.0,jul,5.0,88.2,328239523.0,14.7,270663028.0,37.09024,-95.712891,1.33k,9.37b
topper guild,21900000,comedy,topper guild,816,united states,us,comedy,204.0,91.0,16.0,687028000.0,171800.0,2700000.0,2100000.0,33000000.0,1900000.0,2014.0,jul,9.0,88.2,328239523.0,14.7,270663028.0,37.09024,-95.712891,992,18.97b
stokes twins,21800000,people & blogs,stokes twins,257,united states,us,people,1610.0,95.0,13.0,197953000.0,49500.0,791800.0,593900.0,9500000.0,600000.0,2008.0,apr,11.0,88.2,328239523.0,14.7,270663028.0,37.09024,-95.712891,304,9.28b
national geographic,21800000,science & technology,national geographic,10162,united states,us,entertainment,1158.0,95.0,89.0,45812000.0,11500.0,183200.0,137400.0,2200000.0,100000.0,2006.0,may,7.0,88.2,328239523.0,14.7,270663028.0,37.09024,-95.712891,10.46k,6.01b
dua lipa,21800000,music,dua lipa,164,united kingdom,gb,music,368.0,14.0,87.0,128047000.0,32000.0,512200.0,384100.0,6100000.0,100000.0,2011.0,feb,5.0,60.0,66834405.0,3.85,55908316.0,55.378051,-3.435973,270,13.18b
dudu e carol,21600000,autos & vehicles,dudu e carol,2942,brazil,br,entertainment,481.0,15.0,90.0,193174000.0,48300.0,772700.0,579500.0,9300000.0,300000.0,2013.0,mar,2.0,51.3,212559417.0,12.08,183241641.0,-14.235004,-51.92528,3.04k,12.4b
village cooking channel,21600000,howto & style,village cooking channel,219,india,in,howto,1082.0,66.0,9.0,194604000.0,48700.0,778400.0,583800.0,9300000.0,400000.0,2018.0,apr,25.0,28.1,1366417754.0,5.36,471031528.0,20.593684,78.96288,236,7.33b
tekashi 6ix9ine,21500000,people & blogs,tekashi 6ix9ine,51,united states,us,music,1081.0,96.0,88.0,113542000.0,28400.0,454200.0,340600.0,5400000.0,200000.0,2018.0,apr,6.0,88.2,328239523.0,14.7,270663028.0,37.09024,-95.712891,61,6.35b
invictor,21500000,gaming,invictor,17,chile,cl,people,4038708.0,2889.0,7518.0,49.0,0.01,0.2,0.15,2.0,4.0,2016.0,jul,26.0,88.5,18952038.0,7.09,16610135.0,-35.675147,-71.542969,2.58k,9.44b
sidhu moose wala,21400000,music,sidhu moose wala,114,india,in,music,987.0,67.0,89.0,160690000.0,40200.0,642800.0,482100.0,7700000.0,500000.0,2017.0,oct,30.0,28.1,1366417754.0,5.36,471031528.0,20.593684,78.96288,116,7.49b
the royalty family,21300000,people & blogs,the royalty family,733,united states,us,people,982.0,98.0,15.0,160227000.0,40100.0,640900.0,480700.0,7700000.0,200000.0,2017.0,apr,13.0,88.2,328239523.0,14.7,270663028.0,37.09024,-95.712891,777,8.06b
becky g,21300000,music,becky g,78,united states,us,music,396.0,98.0,90.0,103171000.0,25800.0,412700.0,309500.0,5000000.0,100000.0,2011.0,sep,6.0,88.2,328239523.0,14.7,270663028.0,37.09024,-95.712891,90,11.65b
ishaan ali 11,21300000,people & blogs,ishaan ali 11,951,india,in,people,301.0,68.0,16.0,729409000.0,182400.0,2900000.0,2200000.0,35000000.0,1600000.0,2016.0,jul,27.0,28.1,1366417754.0,5.36,471031528.0,20.593684,78.96288,1.29k,17.84b
infinite,21300000,entertainment,infinite,1608,united states,us,entertainment,1296.0,98.0,93.0,68350000.0,17100.0,273400.0,205100.0,3300000.0,200000.0,2014.0,aug,21.0,88.2,328239523.0,14.7,270663028.0,37.09024,-95.712891,1.67k,5.68b
azhan5star,21300000,entertainment,azhan5star,669,india,in,entertainment,436.0,67.0,92.0,236293000.0,59100.0,945200.0,708900.0,11300000.0,600000.0,2021.0,feb,2.0,28.1,1366417754.0,5.36,471031528.0,20.593684,78.96288,886,12.41b
dangal tv channel,21300000,entertainment,dangal tv channel,20225,india,in,entertainment,291.0,67.0,92.0,561020000.0,140300.0,2200000.0,1700000.0,26900000.0,700000.0,2017.0,aug,2.0,28.1,1366417754.0,5.36,471031528.0,20.593684,78.96288,31.1k,22.77b
gma public  affairs,21200000,entertainment,gma public  affairs,31989,philippines,ph,news,359.0,4.0,7.0,142317000.0,35600.0,569300.0,427000.0,6800000.0,200000.0,2009.0,aug,8.0,35.5,108116615.0,2.15,50975903.0,12.879721,121.774017,46.62k,14.7b
baim paula,21100000,people & blogs,baim paula,2325,indonesia,id,entertainment,1583.0,8.0,94.0,26974000.0,6700.0,107900.0,80900.0,1300000.0,100000.0,2016.0,jun,4.0,36.3,270203917.0,4.69,151509724.0,-0.789275,113.921327,2.47k,4.66b
rafa & luiz,21000000,entertainment,rafa & luiz,2883,brazil,br,entertainment,695.0,16.0,94.0,118410000.0,29600.0,473600.0,355200.0,5700000.0,400000.0,2015.0,aug,26.0,51.3,212559417.0,12.08,183241641.0,-14.235004,-51.92528,3.52k,9.42b
lyrical lemonade,21000000,entertainment,lyrical lemonade,420,united states,us,entertainment,398.0,100.0,95.0,80062000.0,20000.0,320200.0,240200.0,3800000.0,100000.0,2013.0,mar,25.0,88.2,328239523.0,14.7,270663028.0,37.09024,-95.712891,440,11.42b
dr. vivek bindra: motivational speaker,20900000,education,dr. vivek bindra: motivational speaker,896,india,in,education,6082.0,69.0,20.0,28588000.0,7100.0,114400.0,85800.0,1400000.0,100000.0,2013.0,dec,6.0,28.1,1366417754.0,5.36,471031528.0,20.593684,78.96288,1.31k,1.94b
fatos desconhecidos,20900000,entertainment,fatos desconhecidos,6262,brazil,br,entertainment,2033.0,17.0,96.0,52330000.0,13100.0,209300.0,157000.0,2500000.0,100000.0,2013.0,sep,26.0,51.3,212559417.0,12.08,183241641.0,-14.235004,-51.92528,7.05k,4.19b
brave wilderness,20900000,pets & animals,brave wilderness,982,united states,us,animals,1396.0,100.0,2.0,2989000.0,0.0,0.0,0.0,0.0,100000.0,2014.0,sep,8.0,88.2,328239523.0,14.7,270663028.0,37.09024,-95.712891,1.01k,5.14b
liv crime,20900000,people & blogs,liv crime,9850,united states,us,people,372.0,100.0,17.0,383700000.0,95900.0,1500000.0,1200000.0,18400000.0,600000.0,2020.0,aug,18.0,88.2,328239523.0,14.7,270663028.0,37.09024,-95.712891,15.27k,13.55b
yoeslan,20700000,entertainment,yoeslan,619,united states,us,entertainment,146.0,101.0,96.0,874796000.0,218700.0,3500000.0,2600000.0,42000000.0,1000000.0,2020.0,sep,26.0,88.2,328239523.0,14.7,270663028.0,37.09024,-95.712891,989,26.33b
bizarrap,20600000,comedy,bizarrap,83,argentina,ar,entertainment,711.0,8.0,98.0,193176000.0,48300.0,772700.0,579500.0,9300000.0,200000.0,2017.0,jan,15.0,90.0,44938712.0,9.79,41339571.0,-38.416097,-63.616672,89,9.24b
mnet k-pop,20500000,entertainment,mnet k-pop,33229,south korea,kr,entertainment,220.0,7.0,99.0,158540000.0,39600.0,634200.0,475600.0,7600000.0,100000.0,2006.0,mar,9.0,94.3,51709098.0,4.15,42106719.0,35.907757,127.766922,37.67k,16.33b
ninja kidz tv,20500000,entertainment,ninja kidz tv,296,united states,us,entertainment,377.0,104.0,99.0,195203000.0,48800.0,780800.0,585600.0,9400000.0,100000.0,2017.0,feb,9.0,88.2,328239523.0,14.7,270663028.0,37.09024,-95.712891,324,12.21b
jake paul,20400000,people & blogs,jake paul,1006,united states,us,people,778.0,105.0,19.0,14646000.0,3700.0,58600.0,43900.0,703000.0,100000.0,2013.0,sep,19.0,88.2,328239523.0,14.7,270663028.0,37.09024,-95.712891,1.32k,7.59b
vijay television,20400000,entertainment,vijay television,51515,india,in,entertainment,43.0,70.0,100.0,907534000.0,226900.0,3600000.0,2700000.0,43600000.0,400000.0,2007.0,feb,1.0,28.1,1366417754.0,5.36,471031528.0,20.593684,78.96288,73.13k,40.34b
emiway bantai,20400000,music,emiway bantai,239,india,in,music,2236.0,70.0,94.0,41289000.0,10300.0,165200.0,123900.0,2000000.0,100000.0,2013.0,may,3.0,28.1,1366417754.0,5.36,471031528.0,20.593684,78.96288,266,3.88b
got talent global,20300000,entertainment,got talent global,1245,united kingdom,gb,entertainment,3750.0,15.0,101.0,86457000.0,21600.0,345800.0,259400.0,4100000.0,100000.0,2013.0,jan,31.0,60.0,66834405.0,3.85,55908316.0,55.378051,-3.435973,1.46k,2.64b
babybus - cerita & lagu anak-anak,20300000,education,babybus - cerita & lagu anak-anak,875,indonesia,id,education,332.0,10.0,22.0,112768000.0,28200.0,451100.0,338300.0,5400000.0,100000.0,2019.0,jan,14.0,36.3,270203917.0,4.69,151509724.0,-0.789275,113.921327,1.17k,13.58b
ami rodriguez,20200000,entertainment,ami rodriguez,460,colombia,co,entertainment,2959.0,7.0,103.0,263864000.0,66000.0,1100000.0,791600.0,12700000.0,1600000.0,2009.0,jul,20.0,55.3,50339443.0,9.71,40827302.0,4.570868,-74.297333,617,4.75b
noor stars,20200000,comedy,noor stars,693,united arab emirates,ae,entertainment,3238.0,5.0,102.0,15556000.0,3900.0,62200.0,46700.0,746700.0,100000.0,2014.0,apr,24.0,36.8,9770529.0,2.35,8479744.0,23.424076,53.847818,710,2.93b
kiddiestv hindi - nursery rhymes & kids songs,20200000,education,kiddiestv hindi - nursery rhymes & kids songs,226,india,in,education,780.0,71.0,23.0,113420000.0,28400.0,453700.0,340300.0,5400000.0,300000.0,2017.0,may,25.0,28.1,1366417754.0,5.36,471031528.0,20.593684,78.96288,257,8.06b
dednahype,20200000,comedy,dednahype,1935,latvia,lv,comedy,108.0,1.0,19.0,1245000000.0,311200.0,5000000.0,3700000.0,59800000.0,1200000.0,2020.0,mar,20.0,88.1,1912789.0,6.52,1304943.0,56.879635,24.603189,3.08k,28.22b
marta and rustam,20200000,comedy,marta and rustam,761,united states,us,comedy,126.0,106.0,20.0,452250000.0,113100.0,1800000.0,1400000.0,21700000.0,600000.0,2021.0,jun,21.0,88.2,328239523.0,14.7,270663028.0,37.09024,-95.712891,1.09k,27.35b
miawaug,20200000,gaming,miawaug,3713,indonesia,id,games,1023.0,11.0,27.0,64489000.0,16100.0,258000.0,193500.0,3100000.0,200000.0,2014.0,mar,15.0,36.3,270203917.0,4.69,151509724.0,-0.789275,113.921327,4.07k,6.84b
cookieswirlc,20100000,entertainment,cookieswirlc,3774,united states,us,games,86.0,108.0,28.0,221702000.0,55400.0,886800.0,665100.0,10600000.0,200000.0,2013.0,nov,3.0,88.2,328239523.0,14.7,270663028.0,37.09024,-95.712891,1.38k,8.46b
gordon ramsay,20000000,entertainment,gordon ramsay,1527,united kingdom,gb,entertainment,2001.0,16.0,104.0,39228000.0,9800.0,156900.0,117700.0,1900000.0,200000.0,2006.0,apr,29.0,60.0,66834405.0,3.85,55908316.0,55.378051,-3.435973,1.72k,4.13b
green gold tv - official channel,20000000,film & animation,green gold tv - official channel,1476,india,in,entertainment,473.0,72.0,104.0,70278000.0,0.0,0.0,0.0,0.0,100000.0,2011.0,jul,1.0,28.1,1366417754.0,5.36,471031528.0,20.593684,78.96288,1.81k,10.12b
gusttavo lima oficial,19900000,music,gusttavo lima oficial,416,brazil,br,music,258.0,21.0,97.0,214803000.0,53700.0,859200.0,644400.0,10300000.0,100000.0,2010.0,nov,9.0,51.3,212559417.0,12.08,183241641.0,-14.235004,-51.92528,568,15.8b
sony aath,19600000,shows,sony aath,18661,united states,us,entertainment,257.0,112.0,106.0,274212000.0,68600.0,1100000.0,822600.0,13200000.0,300000.0,2013.0,nov,13.0,88.2,328239523.0,14.7,270663028.0,37.09024,-95.712891,21.95k,17.57b
dafuq!?boom!,19600000,film & animation,dafuq!?boom!,214,united states,us,entertainment,656.0,112.0,106.0,2304000000.0,576000.0,9200000.0,6900000.0,110600000.0,6700000.0,2016.0,jun,6.0,88.2,328239523.0,14.7,270663028.0,37.09024,-95.712891,294,16.6b
rkd studios,19500000,entertainment,rkd studios,847,india,in,entertainment,1265.0,74.0,108.0,59841000.0,0.0,0.0,0.0,0.0,300000.0,2014.0,mar,14.0,28.1,1366417754.0,5.36,471031528.0,20.593684,78.96288,928,5.72b
dls news,19400000,news & politics,dls news,4750,india,in,news,4178.0,74.0,8.0,32111000.0,8000.0,128400.0,96300.0,1500000.0,100000.0,2017.0,jul,5.0,28.1,1366417754.0,5.36,471031528.0,20.593684,78.96288,5.7k,2.73b
etvteluguindia,19400000,entertainment,etvteluguindia,125974,india,in,entertainment,88.0,75.0,109.0,272917000.0,68200.0,1100000.0,818800.0,13100000.0,200000.0,2010.0,mar,15.0,28.1,1366417754.0,5.36,471031528.0,20.593684,78.96288,141.1k,25.78b
fifa,19400000,sports,fifa,10728,switzerland,ch,sports,1186.0,1.0,5.0,58863000.0,14700.0,235500.0,176600.0,2800000.0,100000.0,2006.0,sep,6.0,59.6,8574832.0,4.58,6332428.0,46.818188,8.227512,11.33k,6.52b
super slick slime sam,19000000,howto & style,super slick slime sam,903,mexico,mx,howto,786.0,15.0,111.0,123338000.0,30800.0,493400.0,370000.0,5900000.0,200000.0,2018.0,jan,23.0,40.2,126014024.0,3.42,102626859.0,23.634501,-102.552784,1.18k,8.28b
wow kidz action,19000000,film & animation,wow kidz action,1525,india,in,entertainment,618.0,78.0,111.0,105706000.0,26400.0,422800.0,317100.0,5100000.0,200000.0,2017.0,nov,8.0,28.1,1366417754.0,5.36,471031528.0,20.593684,78.96288,3.76k,9.98b
sidemen,18800000,entertainment,sidemen,312,united kingdom,gb,entertainment,1263.0,19.0,113.0,78158000.0,19500.0,312600.0,234500.0,3800000.0,100000.0,2015.0,jun,14.0,60.0,66834405.0,3.85,55908316.0,55.378051,-3.435973,358,6.21b
triggered insaan,18800000,comedy,triggered insaan,304,india,in,people,2508.0,79.0,24.0,109026000.0,27300.0,436100.0,327100.0,5200000.0,700000.0,2014.0,jul,17.0,28.1,1366417754.0,5.36,471031528.0,20.593684,78.96288,342,4.04b
willie salim,18500000,people & blogs,willie salim,679,indonesia,id,people,1868.0,13.0,25.0,197369000.0,49300.0,789500.0,592100.0,9500000.0,1600000.0,2014.0,jan,6.0,36.3,270203917.0,4.69,151509724.0,-0.789275,113.921327,941,5.15b
ishowspeed,18300000,gaming,ishowspeed,1324,united states,us,games,6734.0,120.0,33.0,140261000.0,35100.0,561000.0,420800.0,6700000.0,800000.0,2016.0,mar,21.0,88.2,328239523.0,14.7,270663028.0,37.09024,-95.712891,1.4k,2.5b
jake fellman,18100000,entertainment,jake fellman,420,united states,us,entertainment,274.0,122.0,118.0,497044000.0,124300.0,2000000.0,1500000.0,23900000.0,700000.0,2012.0,oct,13.0,88.2,328239523.0,14.7,270663028.0,37.09024,-95.712891,441,15.07b
how ridiculous,18000000,sports,how ridiculous,650,australia,au,sports,478.0,5.0,6.0,391298000.0,97800.0,1600000.0,1200000.0,18800000.0,600000.0,2009.0,sep,9.0,113.1,25766605.0,5.27,21844756.0,-25.274398,133.775136,721,12.38b
jason derulo,17900000,music,jason derulo,830,united states,us,music,446.0,124.0,105.0,447891000.0,112000.0,1800000.0,1300000.0,21500000.0,400000.0,2008.0,jul,21.0,88.2,328239523.0,14.7,270663028.0,37.09024,-95.712891,3.19k,23.4b
priyal kukreja,17800000,people & blogs,priyal kukreja,772,india,in,people,378.0,83.0,29.0,431390000.0,107800.0,1700000.0,1300000.0,20700000.0,900000.0,2021.0,apr,23.0,28.1,1366417754.0,5.36,471031528.0,20.593684,78.96288,1.07k,20.45b
msa previously my story animated,17800000,film & animation,msa previously my story animated,26,united states,us,people,3976090.0,5208.0,4978.0,20708.0,5.0,83.0,62.0,994.0,2960.0,2021.0,nov,9.0,88.2,328239523.0,14.7,270663028.0,37.09024,-95.712891,912,9.9b
jaanvi patel,17700000,people & blogs,jaanvi patel,512,india,in,people,671.0,84.0,30.0,346753000.0,86700.0,1400000.0,1000000.0,16600000.0,900000.0,2018.0,jul,18.0,28.1,1366417754.0,5.36,471031528.0,20.593684,78.96288,637,11.2b
el payaso plim plim,17700000,film & animation,el payaso plim plim,1316,argentina,ar,music,162.0,10.0,107.0,640030000.0,160000.0,2600000.0,1900000.0,30700000.0,600000.0,2013.0,oct,18.0,90.0,44938712.0,9.79,41339571.0,-38.416097,-63.616672,1.62k,23.49b
degoboom,17600000,gaming,degoboom,4702,chile,cl,games,973.0,3.0,36.0,100215000.0,25100.0,400900.0,300600.0,4800000.0,500000.0,2014.0,feb,1.0,88.5,18952038.0,7.09,16610135.0,-35.675147,-71.542969,5.46k,7.16b
news18 india,17500000,news & politics,news18 india,182742,india,in,news,770.0,85.0,10.0,394106000.0,98500.0,1600000.0,1200000.0,18900000.0,700000.0,2007.0,oct,25.0,28.1,1366417754.0,5.36,471031528.0,20.593684,78.96288,256.22k,12.14b
aphmau,17400000,gaming,aphmau,4411,united states,us,games,152.0,129.0,37.0,439870000.0,110000.0,1800000.0,1300000.0,21100000.0,400000.0,2012.0,aug,13.0,88.2,328239523.0,14.7,270663028.0,37.09024,-95.712891,4.94k,22.28b
taarak mehta ka ooltah chashmah,17300000,entertainment,taarak mehta ka ooltah chashmah,4778,india,in,entertainment,356.0,87.0,125.0,331944000.0,83000.0,1300000.0,995800.0,15900000.0,300000.0,2014.0,aug,4.0,28.1,1366417754.0,5.36,471031528.0,20.593684,78.96288,9.73k,17.41b
danny fitt,16900000,people & blogs,danny fitt,2337,united states,us,entertainment,488.0,134.0,129.0,275264000.0,68800.0,1100000.0,825800.0,13200000.0,700000.0,2016.0,dec,31.0,88.2,328239523.0,14.7,270663028.0,37.09024,-95.712891,2.69k,12.84b
bispo bruno leonardo,16900000,nonprofits & activism,bispo bruno leonardo,4891,brazil,br,nonprofit,2307.0,29.0,2.0,149543000.0,37400.0,598200.0,448600.0,7200000.0,400000.0,2016.0,apr,10.0,51.3,212559417.0,12.08,183241641.0,-14.235004,-51.92528,6.21k,5.46b
younes zarou,16600000,entertainment,younes zarou,2200,germany,de,entertainment,213.0,4.0,131.0,617257000.0,154300.0,2500000.0,1900000.0,29600000.0,900000.0,2021.0,may,6.0,70.2,83132799.0,3.04,64324835.0,51.165691,10.451526,3.2k,20.72b
jordan matter,16600000,entertainment,jordan matter,413,united states,us,entertainment,1088.0,136.0,132.0,199033000.0,49800.0,796100.0,597100.0,9600000.0,300000.0,2006.0,dec,21.0,88.2,328239523.0,14.7,270663028.0,37.09024,-95.712891,464,8.03b
narendra modi,15800000,news & politics,narendra modi,20679,india,in,news,2406.0,96.0,15.0,185969000.0,46500.0,743900.0,557900.0,8900000.0,700000.0,2007.0,oct,26.0,28.1,1366417754.0,5.36,471031528.0,20.593684,78.96288,26.82k,5.58b
prime video india,15700000,entertainment,prime video india,7090,united states,us,entertainment,569.0,144.0,139.0,335111000.0,83800.0,1300000.0,1000000.0,16100000.0,1200000.0,2016.0,oct,3.0,88.2,328239523.0,14.7,270663028.0,37.09024,-95.712891,10.21k,11.27b
  ,15500000,shows,  ,1021,saudi arabia,sa,film,619.0,4.0,33.0,135036000.0,33800.0,540100.0,405100.0,6500000.0,300000.0,2017.0,may,16.0,68.0,34268528.0,5.93,28807838.0,23.885942,45.079162,618,19.17b
issei / ,15000000,comedy,issei / ,1788,japan,jp,comedy,277.0,5.0,29.0,282372000.0,70600.0,1100000.0,847100.0,13600000.0,900000.0,2014.0,jul,23.0,63.2,126226568.0,2.29,115782416.0,36.204824,138.252924,2.72k,27.35b
beast philanthropy,14800000,people & blogs,beast philanthropy,34,germany,de,games,3968552.0,2600.0,4443.0,37883.0,9.0,152.0,114.0,1800.0,3580.0,2015.0,jan,31.0,70.2,83132799.0,3.04,64324835.0,51.165691,10.451526,42,797.36m
prestonplayz,14600000,gaming,preston,4009,united states,us,entertainment,621.0,78.0,72.0,151697000.0,37900.0,606800.0,455100.0,7300000.0,200000.0,2012.0,jul,4.0,88.2,328239523.0,14.7,270663028.0,37.09024,-95.712891,4.12k,9.91b
noman official,14600000,comedy,noman official,560,india,in,film,1185.0,106.0,38.0,139116000.0,34800.0,556500.0,417300.0,6700000.0,500000.0,2019.0,oct,28.0,28.1,1366417754.0,5.36,471031528.0,20.593684,78.96288,815,7.25b
yudist ardhana,14100000,entertainment,yudist ardhana,2854,indonesia,id,entertainment,1029.0,27.0,154.0,176062000.0,44000.0,704200.0,528200.0,8500000.0,400000.0,2016.0,jan,6.0,36.3,270203917.0,4.69,151509724.0,-0.789275,113.921327,3.95k,8.58b
viralhog,14000000,people & blogs,viralhog,41117,united states,us,animals,136.0,159.0,3.0,1364000000.0,340900.0,5500000.0,4100000.0,65500000.0,1100000.0,2014.0,aug,22.0,88.2,328239523.0,14.7,270663028.0,37.09024,-95.712891,46.69k,29.44b
gh's,13000000,gaming,gh's,510,south korea,kr,games,553.0,15.0,65.0,1081000000.0,270300.0,4300000.0,3200000.0,51900000.0,1000000.0,2020.0,jul,7.0,94.3,51709098.0,4.15,42106719.0,35.907757,127.766922,849,16.36b
susy mouriz,13000000,entertainment,susy mouriz,1299,mexico,mx,entertainment,969.0,31.0,165.0,368437000.0,92100.0,1500000.0,1100000.0,17700000.0,600000.0,2017.0,mar,18.0,40.2,126014024.0,3.42,102626859.0,23.634501,-102.552784,1.65k,9.99b
  ,12900000,shows,  ,1255,ukraine,ua,entertainment,1164.0,6.0,166.0,71118000.0,17800.0,284500.0,213400.0,3400000.0,200000.0,2014.0,jul,17.0,82.7,44385155.0,8.88,30835699.0,48.379433,31.16558,618,19.17b
_vector_,12400000,comedy,_vector_,398,united states,us,comedy,720.0,176.0,43.0,903672000.0,225900.0,3600000.0,2700000.0,43400000.0,1200000.0,2019.0,mar,24.0,88.2,328239523.0,14.7,270663028.0,37.09024,-95.712891,540,18.21b
natan por a,12300000,sports,natan por a,1200,brazil,br,entertainment,525.0,55.0,172.0,552513000.0,138100.0,2200000.0,1700000.0,26500000.0,700000.0,2017.0,feb,12.0,51.3,212559417.0,12.08,183241641.0,-14.235004,-51.92528,1.52k,14.51b
