RANK,NAME_OF_CHANNEL,TOTAL_NUMBER_OF_VIDEOS,SUBSCRIBERS,VIEWS,CATEGORY
#1,MrBeast,799,274M,50.98B, Entertainment          
#2,T-Series,21.12K,267M,257.16B, Music                  
#3,Cocomelon - Nursery Rhymes,1.18K,176M,182.88B, Kids                   
#4,SET India,138.97K,173M,164.71B, Entertainment          
#5,✿ Kids Diana Show,1.22K,123M,103.5B, Kids                   
#6,Vlad and Niki,721,119M,90.94B, Kids                   
#7,Like Nastya,885,116M,100.9B, Kids                   
#8,PewDiePie,4.77K,111M,29.31B, Entertainment          
#9,Zee Music Company,11.22K,107M,66.84B, Music                  
#10,WWE,76.61K,102M,84.98B, Sports/Entertainment   
#11,Goldmines,8.55K,97.2M,29.04B, Movies                 
#12,BLACKPINK,596,93.9M,36.02B, Music                  
#13,Sony SAB,85.72K,92.5M,115.24B, Entertainment          
#14,ChuChu TV Nursery Rhymes & Kids Songs,792,91.3M,51.03B, Kids                   
#15,Zee TV,175.68K,80.7M,89.41B, Entertainment          
#16,5-Minute Crafts,7.05K,80.7M,27.39B, DIY/Education          
#17,BANGTANTV,2.51K,78.1M,22.97B, Music                  
#18,Baby Shark - Pinkfong Kids’ Songs & Stories,3.24K,75.3M,43.81B, Kids                
#19,HYBE LABELS,1.85K,74.9M,34.26B, Music                  
#20,Colors TV,151.75K,73M,70.94B, Entertainment          
#21,Justin Bieber,249,73M,32.31B, Music                  
#22,Shemaroo Filmi Gaane,8.58K,68.5M,29.3B, Music                  
#23,T-Series Bhakti Sagar,28.01K,67.8M,34.04B, Music                  
#24,Canal KondZilla,2.81K,67.1M,38.29B, Music                  
#25,Tips Official,5.82K,66.2M,38.83B, Music                  
#26,Aaj Tak,365.35K,65.2M,31.73B, News                   
#27,El Reino Infantil,1.48K,64.4M,60.42B, Kids                   
#28,Stokes Twins,304,63.3M,9.28B, Entertainment          
#29,Infobells - Hindi,674,62.3M,36.12B, Kids                   
#30,Wave Music,20.15K,62M,42.76B, Music                  
#31,Movieclips,40.61K,61.4M,62.2B, Movies                 
#32,Sony Music India,4.69K,60.5M,31.93B, Music                  
#33,EminemMusic,165,60.3M,29.73B, Music                  
#34,Dude Perfect,437,60.2M,17.42B, Sports/Entertainment   
#35,YRF,4.1K,60.1M,41.11B, Music                  
#36,Taylor Swift,268,59.2M,35.44B, Music                  
#37,Marshmello,484,57.1M,15.74B, Music                  
#38,LooLoo Kids - Nursery Rhymes and Children's Songs,842,56.9M,34.45B, Kids          
#39,ZAMZAM ELECTRONICS TRADING,17.66K,56.8M,26.05B, Entertainment          
#40,BillionSurpriseToys  - Nursery Rhymes & Cartoons,1.05K,56.8M,11.6B, Kids            
#41,Toys and Colors,1.24K,56.7M,65.66B, Kids                   
#42,A4,915,54.8M,28.7B, Entertainment          
#43,Ed Sheeran,474,54.7M,32.44B, Music                  
#44,HAR PAL GEO,133.64K,54.5M,53.63B, Entertainment          
#45,Ariana Grande,190,54.2M,26.21B, Music                  
#46,ARY Digital HD,139.17K,53.8M,51.02B, Entertainment          
#47,Shemaroo,12.25K,53.5M,24.55B, Movies                 
#48,Mark Rober,156,53.4M,6.32B, Education              
#49,PANDA BOI,1.1K,52M,24.22B, Entertainment          
#50,Billie Eilish,122,51.7M,15.72B, Music                  
#51,Fede Vigevani,1.33K,51.1M,14.16B, Entertainment          
#52,,3.5K,51M,32.93B, Music                  
#53,SonyMusicIndiaVEVO,3.75K,50.5M,30.91B, Gaming/Entertainment   
#54,JuegaGerman,2.17K,50.2M,15.44B, Gaming/Entertainment   
#55,Mikecrack,2.04K,50.1M,18.53B, Entertainment          
#56,KL BRO Biju Rithvik,2.53K,49.5M,39.21B, Entertainment          
#57,YOLO AVENTURAS,2.37K,49.5M,16.18B, Gaming/Entertainment   
#58,Jess No Limit,2.92K,49.4M,6.46B, Education          
#59,आचार्य प्रशान्त - Acharya Prashant,10.26K,48.5M,2.65B, Entertainment          
#60,,1.73K,48.4M,40.38B, Music                  
#61,ABS-CBN Entertainment,225.08K,48.1M,54.86B, Entertainment          
#62,Bad Bunny,155,47.9M,35.01B, Kids                   
#63,BETER BÖCÜK,4.74K,47.6M,28.4B, Gaming/Entertainment   
#64,Voot Kids,5.83K,47.6M,22.8B, Entertainment          
#65,Fernanfloo,546,47.5M,10.6B, Entertainment          
#66,Badabun,21.79K,47.4M,19.75B, Music                  
#67,Felipe Neto,4.89K,46.3M,17.67B, Entertainment          
#68,Shakira,358,46.2M,30.35B, Music                  
#69,Ricis Official,4.32K,45.8M,7.71B, Education              
#70,Alan Walker,579,45.5M,14.12B, Music                  
#71,Você Sabia?,1.69K,45.5M,8.11B, Music                  
#72,Ishtar Music,4.61K,45.2M,19.29B, Entertainment          
#73,Katy Perry,142,45M,26.8B, Entertainment          
#74,Kimberly Loaiza,316,45M,6.57B, Education              
#75,whinderssonnunes,779,44.7M,4.51B, Entertainment          
#76,BRIGHT SIDE,7.95K,44.6M,11.15B, Kids                   
#77,Alan Chikin Chow,1.23K,44.5M,39.1B, Music                  
#78,shfa2 - شفا,1.76K,44.4M,27.62B, Kids                   
#79,Speed Records,11.49K,44.1M,28.89B, Gaming/Entertainment   
#80,LUCCAS NETO - LUCCAS TOON,2.73K,44M,25.3B, Gaming/Entertainment   
#81,MrBeast Gaming,141,43.8M,7.86B, News                   
#82,HolaSoyGerman.,136,43.8M,4.89B, Entertainment          
#83,ABP NEWS,379.59K,43.6M,17.05B, Music                  
#84,StarPlus,90.19K,43.3M,43.07B, Kids                   
#85,Rihanna,85,43.2M,24.34B, Kids                   
#86,Like Nastya Show,709,43.2M,20.45B, Entertainment          
#87,shfa,1.12K,43M,25.02B, Travel/Entertainment   
#88,Sony PAL,28.32K,42.9M,32.75B, Entertainment          
#89,Luisito Comunica,1.36K,42.7M,9.74B, Kids                   
#90,MrBeast 2,118,42.6M,7.34B, Music                  
#91,Maria Clara & JP,821,42.3M,27.61B, Gaming/Entertainment   
#92,Goldmines Gaane Sune Ansune,3.79K,42.1M,18.94B, Animation              
#93,CarryMinati,197,42.1M,3.76B, Kids                   
#94,DaFuq!?Boom!,294,42M,16.6B, Gaming                 
#95,Super Simple Songs - Kids Songs,791,41.9M,50.79B, News                   
#96,Total Gaming,501,41.8M,4.21B, Music                  
#97,IndiaTV,304.44K,41.5M,20.1B, Kids             
#98,Saregama Music,8.72K,41.1M,19.56B, Entertainment          
#99,Little Baby Bum - Nursery Rhymes & Kids Songs,2.65K,41M,40.51B, Gaming/Entertainment   
#100,Dushyant kukreja,1.19K,41M,24.95B, Entertainment          
#101,TheDonato,3.51K,41M,7.54B, Education              
#102,WorkpointOfficial,83.9K,40.9M,38.44B, Kids           
#103,TEDx Talks,216.91K,40.9M,7.88B, Music                  
#104,Genevieve's Playhouse - Learning Videos for Kids,642,40.8M,30.66B, Kids                   
#105,GR6 EXPLODE,3.36K,40.8M,28.12B, Entertainment          
#106,PowerKids TV,8.08K,40.7M,21.55B, Music                  
#107,김프로KIMPRO,3.16K,40.6M,39.28B, Platform               
#108,T-Series Bollywood Classics,2.06K,40.6M,26.49B, Gaming                 
#109,YouTube,723,40.6M,3.03B, Entertainment          
#110,Techno Gamerz,1.04K,40.5M,11.76B, Music                  
#111,Real fools shorts official,549,40.4M,17.34B, Entertainment          
#112,XXXTENTACION,135,40.4M,11.07B, Gaming/Entertainment   
#113,ช่อง one31,143.73K,40.3M,28.29B, Entertainment          
#114,elrubiusOMG,702,40.3M,7.45B, Entertainment          
#115,Shorts Break,615,40.1M,27.61B, Movies                 
#116,Alejo Igoa,1.07K,40M,16.82B, Kids                   
#117,Ultra Bollywood,9.36K,39.9M,15.96B, Education              
#118,La Granja de Zenón,737,39.8M,31.12B, Gaming/Entertainment   
#119,MR. INDIAN HACKER,1.03K,39.8M,7B, Entertainment          
#120,AboFlah,705,39.4M,5.83B, Kids                   
#121,HUM TV,142.19K,39.2M,33.12B, Music                  
#122,Jingle Toons,252,39.2M,13B, Music                  
#123,Daddy Yankee,558,39M,24.37B, Entertainment          
#124,One Direction,157,38.6M,14.34B, Gaming/Entertainment   
#125,Akshay Nagwadiya,902,38.3M,12.1B, Entertainment          
#126,Frost Diamond,3.35K,38.3M,9.31B, Entertainment          
#127,TheEllenShow,16.91K,38.2M,23.15B, Music                  
#128,LankyBox,11.57K,38M,43.11B, Entertainment          
#129,Bruno Mars,100,38M,21.03B, Entertainment          
#130,Jkk Entertainment,236,37.9M,16.93B, Kids                   
#131,Alfredo Larin,1.8K,37.5M,30.01B, Music                  
#132,Ryan's World,2.82K,37.1M,57.67B, Music                  
#133,Maroon 5,182,37M,24.1B, Entertainment          
#134,Ozuna,233,36.8M,24.96B, Gaming/Entertainment   
#135,Gulshan Kalra,668,36.8M,16.42B, Music                  
#136,Markiplier,5.6K,36.7M,21.48B, Kids                   
#137,T-Series Apna Punjab,8.5K,36.6M,23.62B, Kids                   
#138,BabyBus - Kids Songs and Cartoons,2.44K,36.5M,28.69B, Music                  
#139,WowKidz,7.67K,36.5M,19.09B, Entertainment          
#140,KAROL G,161,36.4M,23.88B, Entertainment          
#141,Rajshri,4.37K,36.2M,16.56B, Entertainment          
#142,Enaldinho,4.3K,36.2M,15.58B, Kids                   
#143,Junya.じゅんや,8.34K,36M,21.74B, Kids                   
#144,Galinha Pintadinha,65,35.9M,32.4B, News                   
#145,CVS 3D Rhymes & Kids Songs,338,35.8M,21.71B, Entertainment          
#146,Zee News,174.48K,35.8M,21.2B, Entertainment          
#147,Heroindori,653,35.8M,12.91B, Kids                   
#148,GMA  Network,137.83K,35.4M,27.37B, Kids                   
#149,Peppa Pig - Official Channel,6.45K,35.4M,25.89B, Music                  
#150,LeoNata Family,3.32K,35.3M,37.65B, Music                  
#151,Geet MP3,739,35.3M,13.72B, Entertainment          
#152,The Weeknd,172,35.2M,27.43B, Entertainment          
#153,Ch3Thailand,79.37K,35M,22.81B, Music                  
#154,Lucas and Marcus,1.77K,35M,14.32B, Entertainment          
#155,DisneyMusicVEVO,2.3K,34.8M,31.98B, Music                  
#156,Spider Slack,1.24K,34.8M,19.5B, Kids                   
#157,Worldwide Records Bhojpuri,7.19K,34.7M,18.11B, Music                  
#158,★ Kids Roma Show,713,34.7M,13.92B, Gaming/Entertainment   
#159,Selena Gomez,193,34.6M,14B, Music                  
#160,SSSniperWolf,3.58K,34.4M,25.06B, Entertainment          
#161,J Balvin,210,34.3M,24B, Entertainment          
#162,Zhong,1.74K,34.3M,16.84B, Gaming/Entertainment   
#163,Priyal Kukreja,1.07K,34.1M,20.45B, Music                  
#164,VEGETTA777,7.98K,34.1M,15.79B, Music                  
#165,Eros Now Music,9.73K,34M,17.72B, Entertainment          
#166,,1.06K,33.9M,13.72B, Entertainment          
#167,Desi Music Factory,193,33.9M,10.61B, Music                  
#168,Zach King,643,33.8M,13.06B, Entertainment          
#169,KHANDESHI MOVIES,234,33.8M,11.72B, Kids                   
#170,NoCopyrightSounds,1.67K,33.7M,11.12B, Music                  
#171,Beast Reacts,238,33.7M,6.07B, Entertainment          
#172,Masha y el Oso,1.37K,33.5M,16.49B, Gaming/Entertainment   
#173,Juan De Dios Pantoja,376,33.5M,3.78B, Entertainment          
#174,Dangal TV Channel,31.1K,33.4M,22.77B, Entertainment          
#175,rezendeevil,12.17K,33.4M,13.46B, Entertainment          
#176,mujjuu___14,1.07K,33.3M,18.66B, Entertainment          
#177,Mr Bean,3.48K,33.3M,11.21B, Movies                 
#178,Round2hell,68,33.3M,3.42B, Music                  
#179,DONA 도나,173,32.8M,22.29B, Entertainment          
#180,Aditya Movies,7.7K,32.8M,12.62B, Entertainment          
#181,Jason Derulo,3.19K,32.7M,23.4B, Entertainment          
#182,व्लाद और निकिता,618,32.7M,19.17B, Music                  
#183,Anaya Kandhal,1.35K,32.6M,27.4B, Movies                 
#184,Marta and Rustam,1.09K,32.6M,27.35B, Kids                   
#185,SMTOWN,4.36K,32.5M,29.45B, Music                  
#186,Shemaroo Movies,3.39K,32.5M,8.92B, Entertainment          
#187,Pokémon Asia Official (Hindi),313,32.5M,1.66B,
#188,Aditya Music,23.69K,32.1M,29.83B,
#189,Ian Lucas,466,32M,3.45B,
#190,Little Angel: Nursery Rhymes & Kids Songs,1.53K,31.9M,24.35B, Education              
#191,GENIAL,8.18K,31.9M,6.98B, Gaming/Entertainment   
#192,Dream,116,31.9M,3.11B, Kids                   
#193,infobells - Telugu,599,31.8M,17.21B, Music                  
#194,Luis Fonsi,290,31.8M,15.79B, Music                  
#195,ImagineDragons,139,31.7M,18.71B, Entertainment          
#196,Talking Tom,650,31.7M,16.21B, Entertainment          
#197,That Little Puff,924,31.6M,26.42B, Kids                   
#198,infobells - Tamil,649,31.6M,19.71B, Entertainment          
#199,The Tonight Show Starring Jimmy Fallon,10.28K,31.6M,17.63B, Entertainment          
#200,unknown boy varun,697,31.6M,12.73B, Entertainment          
#201,Willie Salim,941,31.6M,5.15B, toyoraljanahtv 
#202,قناة طيور الجنة | toyoraljanahtv,3.34K,31.5M,28.95B, Entertainment          
#203,Celine Dept,768,31.5M,17.34B, Movies                 
#204,Goldmines Dishoom,4.91K,31.5M,9.75B, Music                  
#205,JustinBieberVEVO,204,31.4M,27.79B, Entertainment          
#206,AH,3.91K,31.4M,5.17B, Entertainment          
#207,Sagawa /さがわ,8.42K,31.3M,25.04B, Music                  
#208,Adele,15,31.3M,15.6B, Entertainment          
#209,Brent Rivera,658,31.3M,8.46B, Entertainment          
#210,NichLmao,1.07K,31.2M,17.07B, Entertainment          
#211,Tilak,10.01K,31.2M,12.54B, Music                  
#212,Spinnin' Records,12.23K,31.1M,20.73B, Entertainment          
#213,Ishaan Ali 11,1.29K,30.7M,17.84B, Gaming/Entertainment   
#214,jacksepticeye,5.2K,30.7M,16.77B, Music                  
#215,BeatboxJCOP,977,30.7M,13.82B, Kids               
#216,Boram Tube Vlog [보람튜브 브이로그],232,30.7M,13.77B, Entertainment          
#217,Indosiar,7.69K,30.7M,5.99B, Entertainment          
#218,Karla Bustillos,1.13K,30.6M,7.79B, Music                  
#219,Ultra Records,5.06K,30.5M,17.59B, Movies                 
#220,Goldmines Bollywood,4.74K,30.5M,10B, Entertainment          
#221,Tsuriki Show,3.99K,30.4M,37.99B, Entertainment          
#222,Daniel LaBelle,335,30.4M,17.01B, Music                  
#223,Michael Jackson,17,30.4M,16.03B, Entertainment          
#224,Crazy XYZ,1.36K,30.4M,8.94B, Entertainment          
#225,ashish chanchlani vines,157,30.4M,4.76B, Entertainment          
#226,Topper Guild,992,30.3M,18.97B, Music                  
#227,Trap Nation,2.88K,30.3M,14.45B, Kids                   
#228,D Billions,1.05K,30.2M,38.77B, Music                  
#229,Shawn Mendes,133,30.2M,13.71B, Entertainment          
#230,MaviGadget,4.95K,30.1M,26.99B, Entertainment          
#231,Azhan5star,886,30.1M,12.41B, Kids                   
#232,Nick Jr.,5.48K,30M,23.94B, Music                  
#233,Drake,64,30M,17.89B, Music                  
#234,Maluma,45,29.9M,23.15B, Kids                   
#235,Kids TV - Nursery Rhymes And Baby Songs,4.07K,29.8M,14.64B, Entertainment          
#236,Chotanawab,2.05K,29.8M,13.71B, News                   
#237,The Lallantop,55.65K,29.8M,12.47B, Entertainment          
#238,Yoeslan,989,29.4M,26.33B, Kids                   
#239,Bounce Patrol - Kids Songs,373,29.3M,22.54B, Education              
#240,Mr DegrEE,1.68K,29.2M,25.41B, Entertainment          
#241,ISSEI / いっせい,2.72K,29.1M,27.35B, Music                  
#242,JYP Entertainment,2.09K,29.1M,22.52B, Kids                   
#243,toycantando,796,29.1M,17.52B, Gaming/Entertainment   
#244,AuronPlay,402,29.1M,4.13B, Kids          
#245,Kids Channel India - Hindi Rhymes and Baby Songs,1.33K,28.8M,11.95B, Entertainment          
#246,Ami Rodriguez,617,28.8M,4.75B, Gaming/Entertainment   
#247,DanTDM,3.71K,28.7M,19.83B, Education              
#248,Sandeep Maheshwari,635,28.5M,2.43B, Music                  
#249,Wiz Khalifa,747,28.4M,14.13B, Entertainment          
#250,The Late Late Show with James Corden,5.79K,28.4M,10.13B, Entertainment          
#251,Netflix,7.31K,28.4M,8.5B, Entertainment          
#252,YOLO,292,28.4M,2.14B, Gaming/Entertainment   
#253,Renato Garcia YT,4.38K,28.3M,8.71B, News                   
#254,ABPLIVE,221.76K,28.2M,9.46B, Entertainment          
#255,Zach Choi ASMR,1.33K,28.1M,9.37B, Entertainment          
#256,America's Got Talent,2.12K,28M,4.77B, News                   
#257,Raffy Tulfo in Action,11.23K,27.9M,16.26B, Kids                   
#258,Diana and Roma ARA,672,27.8M,12.6B, Entertainment          
#259,Ben Azelart,343,27.8M,6.56B, Kids                   
#260,WB Kids,2.26K,27.7M,12.6B, Animation              
#261,Alan Becker,199,27.6M,6.91B, Entertainment          
#262,Sun TV,90.87K,27.4M,28.96B, Entertainment          
#263,Danny Fitt,2.69K,27.4M,12.84B, Entertainment          
#264,enchufetv,2.06K,27.4M,10.7B, Entertainment          
#265,ZHC,319,27.3M,3.27B, Kids                   
#266,ToyPuddingTV,2.42K,27.2M,16.2B, Kids                   
#267,Diana and Roma HIN,662,27.2M,12.51B, Entertainment          
#268,dednahype,3.08K,27.1M,28.22B, Music                  
#269,Beyoncé,254,27.1M,18.76B, Music                  
#270,Post Malone,108,27.1M,16.31B, Movies                 
#271,Pen Movies,1.75K,27.1M,7.94B, Entertainment          
#272,Dan Rhodes,1.67K,27M,18.79B, Kids                   
#273,shfa show India,553,27M,17.97B, Music                  
#274,WORLDSTARHIPHOP,7.11K,26.9M,21.05B, Entertainment          
#275,Sourav Joshi Vlogs,1.71K,26.8M,12.72B, Music                  
#276,Nicki Minaj,72,26.8M,11.26B, Music                  
#277,Chris Brown,56,26.7M,17.2B, Music                  
#278,David Guetta,853,26.6M,19.49B, Entertainment          
#279,Neetu Bisht,2.25K,26.6M,19.04B, Music                  
#280,Anuel AA,155,26.6M,17.37B, Entertainment          
#281,Smosh,1.85K,26.6M,10.8B, Music                  
#282,Marília Mendonça,200,26.5M,19.72B, Kids                   
#283,Vania Mania Kids,1.23K,26.5M,12.86B, Entertainment          
#284,Bobby chourasiya,539,26.4M,13.53B, Gaming/Entertainment   
#285,Preston,4.12K,26.4M,9.91B, Entertainment          
#286,LosPolinesios,1.07K,26.4M,7.95B, Movies                 
#287,Goldmines Movies,5.77K,26.4M,6.53B, Entertainment          
#288,BB Ki Vines,192,26.4M,4.97B, Music                  
#289,Coldplay,424,26.3M,19.06B, Entertainment          
#290,Rafa & Luiz,3.52K,26.3M,9.42B, Music                  
#291,1MILLION Dance Studio,7.47K,26.3M,8.22B, Movies                 
#292,Ultra Movie Parlour,1.97K,26.3M,5.38B, Entertainment          
#293,TRANS7 OFFICIAL,97.68K,26.2M,15.27B, Kids                   
#294,Kidibli (Kinder Spielzeug Kanal),1.19K,26.2M,13.42B, Kids                   
#295,Diana and Roma EN,591,26.2M,8.66B, Kids                   
#296,Maya and Mary,561,26.1M,7.32B, Entertainment          
#297,Rans Entertainment,4.22K,26.1M,6.81B, Entertainment          
#298,_vector_,540,26M,18.21B, Entertainment          
#299,Bayashi TV,1.32K,26M,15.33B, Kids                
#300,Peppa Pig Español Latino - Canal Oficial,1.56K,26M,9.12B, Entertainment          
#301,Sujal Thakral,615,26M,5.23B, Gaming/Entertainment   
#302,VanossGaming,1.91K,25.9M,16.02B, Kids                   
#303,Vlad and Niki ESP,601,25.8M,10.53B, Gaming/Entertainment   
#304,FaZe Rug,2.31K,25.8M,8.69B, Entertainment          
#305,Venus Entertainment,1.98K,25.7M,6.1B, Entertainment          
#306,MrBeast en Español,67,25.7M,3B, Entertainment          
#307,LIV Crime,15.27K,25.6M,13.55B, News                   
#308,News18 India,256.22K,25.6M,12.14B, Entertainment          
#309,Filmy Suraj Actor,308,25.6M,11.85B, Education              
#310,BigSchool,3.67K,25.6M,11.27B, Entertainment          
#311,jaanvi patel,637,25.6M,11.2B, Music                  
#312,TaylorSwiftVEVO,307,25.5M,28.31B, Music                  
#313,netd müzik,25.6K,25.4M,61.01B, Entertainment          
#314,WatchMojo.com,27.11K,25.4M,16.85B, Kids                   
#315,Las Ratitas,225,25.4M,9.89B, Entertainment          
#316,SMOL,5.34K,25.3M,25.61B, Kids                   
#317,toyorbabytv,1.3K,25.3M,18.5B, Fitness/Health         
#318,Chloe Ting,440,25.3M,3.19B, Entertainment          
#319,Caín Guzmán,3.64K,25.1M,12.96B, Entertainment          
#320,Pawan Sahu,1.92K,25.1M,11.14B, Music                  
#321,RihannaVEVO,118,25M,20.45B, Kids         
#322,BabyBus - Canciones Infantiles & Videos para Niños,1.49K,25M,14.64B, Gaming/Entertainment   
#323,IShowSpeed,1.4K,25M,2.5B, Food                   
#324,Aja Kitchen,1.85K,24.9M,15.25B, Food                   
#325,Village Cooking Channel,236,24.9M,7.33B, Music                  
#326,1theK (원더케이),20.08K,24.8M,25.22B, Kids                   
#327,Vlad and Niki Arabic,612,24.8M,11.73B, Entertainment          
#328,The Royalty Family,777,24.8M,8.06B, Music                  
#329,Filaretiki,3.42K,24.7M,24.98B, Movies                 
#330,Goldmines Cineplex,4.37K,24.7M,3.19B, Beauty/Lifestyle       
#331,Yuya,672,24.7M,2.59B, Music                  
#332,EminemVEVO,106,24.6M,22.01B, Music                  
#333,Enrique Iglesias,525,24.6M,19.06B, Kids                   
#334,Miss Katy,1.09K,24.6M,15.62B, Music                  
#335,Wave Music Bhojpuri,23.8K,24.6M,14.33B, Kids                   
#336,DUDU e CAROL,3.04K,24.6M,12.4B, Music                  
#337,KatyPerryVEVO,167,24.5M,24.65B, Music                  
#338,,3.81K,24.5M,23.01B, Kids                   
#339,The geeta gurjar,1.64K,24.5M,18.81B, Education              
#340,Mister Max,1.15K,24.5M,16.07B, Charity/Non-profit     
#341,TED,4.73K,24.5M,2.72B, Entertainment          
#342,Beast Philanthropy,42,24.5M,797.36M, Music                  
#343,Koray Zeynep,3.19K,24.4M,22.63B, Entertainment          
#344,DJ Snake,297,24.4M,9.02B, Music                  
#345,Valentina Pontes ofc,1.84K,24.4M,8.66B, Entertainment          
#346,Sidhu Moose Wala,116,24.4M,7.49B, Entertainment          
#347,Amit Bhadana,110,24.4M,2.47B, Entertainment          
#348,Vijay Television,73.13K,24.1M,40.34B, Music                  
#349,ViralHog,46.69K,24.1M,29.44B, Music                  
#350,GMM GRAMMY OFFICIAL,17.12K,24.1M,27.12B, Kids                   
#351,Lady Gaga,179,24.1M,17.27B, Kids                   
#352,Like Nastya PRT,738,24.1M,12.88B, Gaming/Entertainment   
#353,Eva Bravo Play,318,24.1M,11.13B, Music                  
#354,invictor,2.58K,24.1M,9.44B, Politics               
#355,KSI,1.25K,24.1M,6.02B, Technology             
#356,Narendra Modi,26.82K,24.1M,5.58B, Entertainment          
#357,Unbox Therapy,2.32K,24.1M,4.69B, Entertainment          
#358,Disney Latinoamérica,8.29K,24M,22.22B, Entertainment          
#359,Netflix India,4.59K,24M,9.82B, Kids                   
#360,Collins Key,257,24M,6.81B, Music                  
#361,Sesame Street,3.73K,23.9M,23.92B, Music                  
#362,NickyJamTV,468,23.9M,16.58B, DIY                    
#363,Ishtar Punjabi,6.42K,23.9M,11.9B, Entertainment          
#364,Troom Troom,2.72K,23.9M,10.36B, News                   
#365,Soy Suco,756,23.9M,4.16B, Beauty/Lifestyle       
#366,SOMOY TV,196.75K,23.8M,16.02B, Gaming/Entertainment   
#367,James Charles,581,23.8M,4.38B, Entertainment          
#368,Ninja,2.03K,23.8M,2.67B, Entertainment          
#369,Sony AATH,21.95K,23.7M,17.57B, Gaming/Entertainment   
#370,CuRe 구래,475,23.7M,15.9B, Music                 
#371,SSundee,3.53K,23.7M,15.2B, Entertainment          
#372,طارق الحلبي tarik alhalapi,1.12K,23.7M,13.31B, Music                  
#373,deepesh zo,860,23.7M,9.87B, Gaming/Entertainment   
#374,Rotana,8.7K,23.6M,22.43B, Animation              
#375,Jelly,6.43K,23.6M,15.09B, Music                  
#376,Jake Fellman,441,23.6M,15.07B, Entertainment          
#377,Dua Lipa,270,23.6M,13.18B, Entertainment          
#378,BEN EAGLE,4.27K,23.6M,11.5B, Technology             
#379,Logan Paul,717,23.5M,6.01B, Entertainment          
#380,Technical Guruji,5.46K,23.5M,3.68B, Music                  
#381,Tlnovelas,53.86K,23.4M,17.32B, Gaming/Entertainment   
#382,Sia,268,23.4M,14.48B, News                   
#383,FGTeeV,1.82K,23.3M,24.93B, Entertainment          
#384,GMA Public  Affairs,46.62K,23.3M,14.7B, Entertainment          
#385,Susy Mouriz,1.65K,23.3M,9.99B, Entertainment          
#386,Nick Pro,727,23.3M,9.12B, Music                  
#387,DrossRotzank,1.7K,23.3M,6.35B, Entertainment          
#388,7clouds,2.7K,23.2M,17.86B,
#389,Mariano Razo,798,23.2M,11.86B,
#390,Khan GS Research Centre,380,23.2M,2.34B, Education              
#391,Pragati Verma Shorts,1.17K,23.1M,9.95B, Entertainment          
#392,National Geographic,10.46K,23.1M,6.01B, Education              
#393,mmoshaya,1.22K,23M,18.2B, Kids                   
#394,Wow Kidz Action,3.76K,23M,9.98B, Kids                   
#395,Jordan Matter,464,23M,8.03B, Entertainment          
#396,Taarak Mehta Ka Ooltah Chashmah,9.73K,22.9M,17.41B, Entertainment          
#397,승비니 Seungbini,470,22.9M,16.95B, Kids                   
#398,Panda Shorts,954,22.9M,10.43B, Entertainment          
#399,RKD Studios,928,22.9M,5.72B, Movies                 
#400,Infinite,1.67K,22.9M,5.68B, Entertainment          
#401,Happy Monkey,1,22.9M,1.39K, Kids                   
#402,Younes Zarou,3.2K,22.8M,20.72B, Entertainment          
#403,BabyBus - Cerita & Lagu Anak-anak,1.17K,22.8M,13.58B, Kids                   
#404,Deddy Corbuzier,1.62K,22.8M,6.03B, Entertainment          
#405,Justin Flom,933,22.7M,20.51B, Entertainment          
#406,The Chainsmokers,218,22.7M,15.02B, Music                  
#407,Pink Shirt Girl,1.08K,22.7M,11.55B, Entertainment          
#408,Paulo Londra,63,22.6M,8.64B, Music                  
#409,DeGoBooM,5.46K,22.6M,7.16B, Gaming/Entertainment   
#410,Goldmines Great Indian Comedy,4.1K,22.6M,6.28B, Movies                 
#411,Republic Bharat,169.4K,22.5M,12.16B, News                   
#412,Charlie Puth,163,22.5M,10.81B, Music                  
#413,Rubén Tuesta oficial,1.17K,22.4M,13.83B, Entertainment          
#414,हिंदी - Genevieve's Playhouse,120,22.4M,12.12B, Kids                   
#415,Kiddiestv Hindi - Nursery Rhymes & Kids Songs,257,22.4M,8.06B, Kids             
#416,Kurzgesagt – In a Nutshell,230,22.4M,2.78B, Education              
#417,Kritika Channel,4.39K,22.3M,16.96B, Entertainment          
#418,Ajay Sharma,1.17K,22.3M,14.12B, Entertainment          
#419,Busy Fun Ltd,251,22.3M,9.34B, Entertainment          
#420,Bizarrap,89,22.2M,9.24B, Music                  
#421,Tekashi 6ix9ine,61,22.2M,6.35B, Music                  
#422,Triggered Insaan,342,22.2M,4.04B, Entertainment          
#423,,2.6K,22.1M,14.06B, Music                  
#424,Lyrical Lemonade,440,22.1M,11.42B, Kids                   
#425,Smile Family,746,22.1M,8.87B, Gaming/Entertainment   
#426,MiawAug,4.07K,22.1M,6.84B, Entertainment          
#427,ANNA KOVA,3.91K,22M,20.79B, Education              
#428,Bispo Bruno Leonardo,6.21K,22M,5.46B, Kids                   
#429,Ninja Kidz TV,324,21.9M,12.21B, Gaming/Entertainment   
#430,LazarBeam,1.34K,21.9M,9.41B, Education              
#431,Fatos Desconhecidos,7.05K,21.9M,4.19B, News                   
#432,Dhruv Rathee,622,21.9M,2.86B, Kids                   
#433,El Payaso Plim Plim,1.62K,21.8M,23.49B, Entertainment          
#434,Dhar Mann Studios,1.28K,21.8M,14.69B, Sports                 
#435,NBA,58.31K,21.8M,14.09B, Music                  
#436,Becky G,90,21.8M,11.65B, Education              
#437,Vsauce,530,21.8M,4.11B, Music                  
#438,OneDirectionVEVO,266,21.7M,12.63B, Music                  
#439,Romeo Santos,56,21.6M,19.28B, Entertainment          
#440,And TV,47.93K,21.6M,19.19B, News                   
#441,News 24,294.08K,21.6M,11.29B, Entertainment          
#442,Nasya Official,944,21.6M,11.2B, Entertainment          
#443,Tappu Honey Parmar,2.18K,21.6M,9.15B, Entertainment          
#444,GH'S,849,21.5M,16.36B, Entertainment          
#445,How Ridiculous,721,21.5M,12.38B, Gaming/Entertainment   
#446,ElTrollino,1.56K,21.5M,6.45B, Entertainment          
#447,Ravi sagar88,1.92K,21.4M,8.81B, Entertainment          
#448,Yudist Ardhana,3.95K,21.4M,8.58B, Food                   
#449,Tasty,5.35K,21.4M,6.13B, Education              
#450,Brave Wilderness,1.01K,21.4M,5.14B, Entertainment          
#451,the Ludo facts,1.27K,21.4M,4.87B, Entertainment          
#452,Baim Paula,2.47K,21.4M,4.66B, Entertainment          
#453,XO TEAM,5.42K,21.3M,18.08B, Music                  
#454,Linkin Park,807,21.3M,15.1B, Entertainment          
#455,Naisa Alifia Yuriza (N.A.Y),180,21.3M,488.84M, Kids                   
#456,CookieSwirlC,1.38K,21.2M,8.46B, Entertainment          
#457,Noman Official,815,21.2M,7.25B, Gaming/Entertainment   
#458,Sidemen,358,21.2M,6.21B, Entertainment          
#459,José Comilão,288,21.2M,2.17B, Education              
#460,Dr. Vivek Bindra: Motivational Speaker,1.31K,21.2M,1.94B, Animation              
#461,Official Pink Panther,815,21.1M,11.87B, Animation              
#462,MSA previously My Story Animated,912,21.1M,9.9B, Music                  
#463,Emiway Bantai,266,21.1M,3.88B, News                   
#464,etvteluguindia,141.1K,21M,25.78B, Music                  
#465,Mnet K-POP,37.67K,21M,16.33B, Entertainment          
#466,Natan por Aí,1.52K,20.9M,14.51B, Entertainment          
#467,Prime Video India,10.21K,20.9M,11.27B, Gaming/Entertainment   
#468,Robin Hood Gamer,4.31K,20.9M,11.01B, Music                  
#469,Avicii,178,20.9M,10.9B, Kids                   
#470,Green Gold TV - Official Channel,1.81K,20.9M,10.12B, Arab Games Network 
#471,شبكة العاب العرب | Arab Games Network,7.24K,20.9M,9.52B, Kids                   
#472,Masha e o Urso,1.38K,20.9M,9.46B, Sports                 
#473,FIFA,11.33K,20.9M,6.52B, Entertainment          
#474,nigahiga,403,20.9M,4.4B, Entertainment          
#475,BigChungus,691,20.9M,4.07B, Entertainment          
#476,Salman Noman,1.05K,20.8M,12.11B, Entertainment          
#477,SCTV,53.69K,20.8M,9.7B, Entertainment          
#478,SlivkiShow,485,20.8M,5B, Entertainment          
#479,Mau McMahon,868,20.8M,4.63B, Entertainment          
#480,Chuster,870,20.8M,3.56B, Entertainment          
#481,Noor Stars,710,20.8M,2.93B, News                   
#482,DLS News,5.7K,20.8M,2.73B, Entertainment          
#483,Got Talent Global,1.46K,20.8M,2.64B, Entertainment          
#484,Canal Canalha,299,20.8M,1.91B, Music                  
#485,Gusttavo Lima Oficial,568,20.7M,15.8B, Entertainment          
#486,ToRung,260,20.7M,14.38B, Entertainment          
#487,Jake Paul,1.32K,20.7M,7.59B, Food                   
#488,Gordon Ramsay,1.72K,20.7M,4.13B, Gaming/Entertainment   
#489,Aphmau,4.94K,20.6M,22.28B, Kids             
#490,,606,20.6M,9.38B, Kids                   
#491,ZappyToons - Hindi Nursery Rhymes and Stories,532,20.6M,9.23B, Gaming/Entertainment   
#492,SUPER SLICK SLIME SAM,1.18K,20.6M,8.28B, Education              
#493,Clash of Clans,868,20.6M,4.55B, Kids                   
#494,,587,20.6M,3.2B, Entertainment          
#495,What's Idea,205,20.6M,1.91B, DIY                    
#496,Smile Family Spanish,563,20.5M,7.63B, Entertainment          
#497,Marvel Entertainment,8.97K,20.5M,6.01B, Entertainment          
#498,5-Minute Crafts DIY,6.1K,20.5M,5.16B,
#499,SatoshiSea,4,20.5M,1.55M,
#500,Britain's Got Talent,4.63K,20.4M,11.76B,
